Timestamp,forward_vel_cmd,steering_vel_cmd,power_mW,current_mA,busVoltage_V,shuntVoltage_mV,energy,charge,dieTemp,Left_Stick_X,Left_Stick_Y,Right_Stick_X,Right_Stick_Y,Button_0,Button_1,Button_2,Button_3,Button_4,Button_5,Button_6,Button_7,Button_8,Button_9,Button_10,Button_11,Button_12,Button_13,Button_14,Button_15,mocap_velocity,mocap_x,mocap_y,mocap_z,mocap_heading,forward_vel_cmd,steering_vel_cmd,left_wheel_vel,right_wheel_vel,nn_v_left,nn_v_right,nn_v_linear,nn_v_angular,ppo_control_active,heading_error_rad,current_heading_rad,distance_to_target,relative_x,relative_y,target_relative_x,target_relative_y,current_waypoint_idx
2025-12-12 14:04:36.331439,0.2,0.2,7185.3,599.0,12.0,9.0,400.8,33.4,24.1,0.00,0.00,0.00,0.00,0,0,0,0,0,0,0,0,0,0,0,0,0,0,0,0,0.0,-0.2681845724582672,2.7984113693237305,0.7047731876373291,1.4109782322205595,0.2,0.2,1.0,-0.02499999999999991,1.025,-0.02499999999999991,0.5,-3.0,1.0,-0.7390983385263498,1.4109782322205595,3.536924981664012,0.03604373335838318,0.011036396026611328,2.8042283058166504,2.212625026702881,0
2025-12-12 14:04:36.367919,0.2,0.2,6795.0,570.0,12.0,8.5,401.2,33.4,24.1,0.00,0.00,0.00,0.00,0,0,0,0,0,0,0,0,0,0,0,0,0,0,0,0,0.0,-0.2681845724582672,2.7984113693237305,0.7047731876373291,1.4109782322205595,0.2,0.2,1.0,-0.02499999999999991,1.025,-0.02499999999999991,0.5,-3.0,1.0,-0.7390983385263498,1.4109782322205595,3.536924981664012,0.03604373335838318,0.011036396026611328,2.8042283058166504,2.212625026702881,0
2025-12-12 14:04:36.453633,0.2,0.2,7159.3,596.9,12.0,9.0,401.6,33.4,24.1,0.00,0.00,0.00,0.00,0,0,0,0,0,0,0,0,0,0,0,0,0,0,0,0,0.0,-0.26689204573631287,2.798938751220703,0.70488440990448,1.4521346424682404,0.2,0.2,1.0,-0.02499999999999991,1.025,-0.02499999999999991,0.5,-3.0,1.0,-0.7801439362433582,1.4521346424682404,3.5355851303054147,0.037336260080337524,0.011563777923583984,2.8042283058166504,2.212625026702881,0
2025-12-12 14:04:36.484381,0.2,0.2,6981.9,584.7,12.0,8.8,402.0,33.5,24.1,0.00,0.00,0.00,0.00,0,0,0,0,0,0,0,0,0,0,0,0,0,0,0,0,0.0,-0.26689204573631287,2.798938751220703,0.70488440990448,1.4521346424682404,0.2,0.2,1.0,-0.02499999999999991,1.025,-0.02499999999999991,0.5,-3.0,1.0,-0.7801439362433582,1.4521346424682404,3.5355851303054147,0.037336260080337524,0.011563777923583984,2.8042283058166504,2.212625026702881,0
2025-12-12 14:04:36.553938,0.2,0.2,6942.9,578.9,12.0,8.7,402.4,33.5,24.1,0.00,0.00,0.00,0.00,0,0,0,0,0,0,0,0,0,0,0,0,0,0,0,0,0.0,-0.26611578464508057,2.800645351409912,0.7041153907775879,1.4949947408522666,0.2,0.2,1.0,-0.02499999999999991,1.025,-0.02499999999999991,0.5,-3.0,1.0,-0.8232452119726594,1.4949947408522666,3.533915308031235,0.038112521171569824,0.013270378112792969,2.8042283058166504,2.212625026702881,0
2025-12-12 14:04:36.584376,0.2,0.2,6892.5,574.7,12.0,8.6,402.8,33.5,24.1,0.00,0.00,0.00,0.00,0,0,0,0,0,0,0,0,0,0,0,0,0,0,0,0,0.0,-0.26611578464508057,2.800645351409912,0.7041153907775879,1.4949947408522666,0.2,0.2,1.0,-0.02499999999999991,1.025,-0.02499999999999991,0.5,-3.0,1.0,-0.8232452119726594,1.4949947408522666,3.533915308031235,0.038112521171569824,0.013270378112792969,2.8042283058166504,2.212625026702881,0
2025-12-12 14:04:36.650601,0.2,0.2,6868.7,572.7,12.0,8.6,403.2,33.6,24.1,0.00,0.00,0.00,0.00,0,0,0,0,0,0,0,0,0,0,0,0,0,0,0,0,0.0,-0.26602670550346375,2.800507068634033,0.7046238780021667,1.4990939540507071,0.2,0.2,1.0,-0.02499999999999991,1.025,-0.02499999999999991,0.5,-3.0,1.0,-0.827298109163545,1.4990939540507071,3.533931647710125,0.038201600313186646,0.013132095336914062,2.8042283058166504,2.212625026702881,0
2025-12-12 14:04:36.834664,0.2,0.2,6936.6,578.3,12.0,8.7,403.6,33.6,24.1,0.00,0.00,0.00,0.00,0,0,0,0,0,0,0,0,0,0,0,0,0,0,0,0,0.0,-0.265193372964859,2.8010621070861816,0.7050125002861023,1.5235741085192347,0.2,0.2,1.0,-0.02499999999999991,1.025,-0.02499999999999991,0.5,-3.0,1.0,-0.8517544226756746,1.5235741085192347,3.5329339431669307,0.03903493285179138,0.0136871337890625,2.8042283058166504,2.212625026702881,0
2025-12-12 14:04:36.865129,0.2,0.2,6792.7,566.3,12.0,8.5,404.0,33.6,24.1,0.00,0.00,0.00,0.00,0,0,0,0,0,0,0,0,0,0,0,0,0,0,0,0,0.0,-0.265193372964859,2.8010621070861816,0.7050125002861023,1.5235741085192347,0.2,0.2,1.0,-0.02499999999999991,1.025,-0.02499999999999991,0.5,-3.0,1.0,-0.8517544226756746,1.5235741085192347,3.5329339431669307,0.03903493285179138,0.0136871337890625,2.8042283058166504,2.212625026702881,0
2025-12-12 14:04:36.896430,0.2,0.2,6544.3,545.6,12.0,8.2,404.4,33.7,24.1,0.00,0.00,0.00,0.00,0,0,0,0,0,0,0,0,0,0,0,0,0,0,0,0,0.0,-0.265193372964859,2.8010621070861816,0.7050125002861023,1.5235741085192347,0.2,0.2,1.0,-0.02499999999999991,1.025,-0.02499999999999991,0.5,-3.0,1.0,-0.8517544226756746,1.5235741085192347,3.5329339431669307,0.03903493285179138,0.0136871337890625,2.8042283058166504,2.212625026702881,0
2025-12-12 14:04:36.927765,0.2,0.2,6493.0,541.3,12.0,8.1,404.8,33.7,24.1,0.00,0.00,0.00,0.00,0,0,0,0,0,0,0,0,0,0,0,0,0,0,0,0,0.0,-0.2651585340499878,2.8010737895965576,0.7049926519393921,1.5244136223734277,0.2,0.2,1.0,-0.02499999999999991,1.025,-0.02499999999999991,0.5,-3.0,1.0,-0.8525903869397541,1.5244136223734277,3.5328994037799495,0.0390697717666626,0.013698816299438477,2.8042283058166504,2.212625026702881,0
2025-12-12 14:04:37.065029,0.2,0.2,6388.0,532.6,12.0,8.0,405.2,33.7,24.1,0.00,0.00,0.00,0.00,0,0,0,0,0,0,0,0,0,0,0,0,0,0,0,0,0.0,-0.2646212875843048,2.801532745361328,0.7053635716438293,1.5507121459434614,0.2,0.2,1.0,-0.02499999999999991,1.025,-0.02499999999999991,0.5,-3.0,1.0,-0.878895939994073,1.5507121459434614,3.532193246905214,0.03960701823234558,0.014157772064208984,2.8042283058166504,2.212625026702881,0
2025-12-12 14:04:37.096015,0.2,0.2,6472.2,539.5,12.0,8.1,405.5,33.8,24.1,0.00,0.00,0.00,0.00,0,0,0,0,0,0,0,0,0,0,0,0,0,0,0,0,0.0,-0.2646212875843048,2.801532745361328,0.7053635716438293,1.5507121459434614,0.2,0.2,1.0,-0.02499999999999991,1.025,-0.02499999999999991,0.5,-3.0,1.0,-0.878895939994073,1.5507121459434614,3.532193246905214,0.03960701823234558,0.014157772064208984,2.8042283058166504,2.212625026702881,0
2025-12-12 14:04:37.126936,0.2,0.2,6720.2,560.2,12.0,8.4,405.9,33.8,24.1,0.00,0.00,0.00,0.00,0,0,0,0,0,0,0,0,0,0,0,0,0,0,0,0,0.0,-0.2631050944328308,2.803439140319824,0.7052730917930603,1.6051639429119828,0.2,0.2,1.0,-0.02499999999999991,1.025,-0.02499999999999991,0.5,-3.0,1.0,-0.9335031073585858,1.6051639429119828,3.529820019938634,0.04112321138381958,0.016064167022705078,2.8042283058166504,2.212625026702881,0
2025-12-12 14:04:37.158025,0.2,0.2,6759.9,564.1,12.0,8.5,406.3,33.8,24.1,0.00,0.00,0.00,0.00,0,0,0,0,0,0,0,0,0,0,0,0,0,0,0,0,0.0,-0.2631050944328308,2.803439140319824,0.7052730917930603,1.6051639429119828,0.2,0.2,1.0,-0.02499999999999991,1.025,-0.02499999999999991,0.5,-3.0,1.0,-0.9335031073585858,1.6051639429119828,3.529820019938634,0.04112321138381958,0.016064167022705078,2.8042283058166504,2.212625026702881,0
2025-12-12 14:04:37.189206,0.2,0.2,6610.2,551.1,12.0,8.3,406.7,33.9,24.1,0.00,0.00,0.00,0.00,0,0,0,0,0,0,0,0,0,0,0,0,0,0,0,0,0.0,-0.2631050944328308,2.803439140319824,0.7052730917930603,1.6051639429119828,0.2,0.2,1.0,-0.02499999999999991,1.025,-0.02499999999999991,0.5,-3.0,1.0,-0.9335031073585858,1.6051639429119828,3.529820019938634,0.04112321138381958,0.016064167022705078,2.8042283058166504,2.212625026702881,0
2025-12-12 14:04:37.263625,0.2,0.2,7028.7,596.8,12.0,8.8,407.1,33.9,24.1,0.00,0.00,0.00,0.00,0,0,0,0,0,0,0,0,0,0,0,0,0,0,0,0,0.0,-0.2626798450946808,2.8035926818847656,0.7057760953903198,1.609138436327447,0.2,0.2,1.0,-0.02499999999999991,1.025,-0.02499999999999991,0.5,-3.0,1.0,-0.9374366768874735,1.609138436327447,3.5293915953833355,0.041548460721969604,0.016217708587646484,2.8042283058166504,2.212625026702881,0
2025-12-12 14:04:37.584623,0.2,0.2,6996.0,583.3,12.0,8.8,407.5,33.9,24.1,0.00,0.00,0.00,0.00,0,0,0,0,0,0,0,0,0,0,0,0,0,0,0,0,0.0,-0.26254841685295105,2.804866075515747,0.7053199410438538,1.650682877284436,0.2,0.2,1.0,-0.02499999999999991,1.025,-0.02499999999999991,0.5,-3.0,1.0,-0.9792404283310251,1.650682877284436,3.528496379745682,0.04167988896369934,0.01749110221862793,2.8042283058166504,2.212625026702881,0
2025-12-12 14:04:37.616083,0.2,0.2,7012.9,590.2,12.0,8.8,407.9,34.0,24.1,0.00,0.00,0.00,0.00,0,0,0,0,0,0,0,0,0,0,0,0,0,0,0,0,0.0,-0.26254841685295105,2.804866075515747,0.7053199410438538,1.650682877284436,0.2,0.2,1.0,-0.02499999999999991,1.025,-0.02499999999999991,0.5,-3.0,1.0,-0.9792404283310251,1.650682877284436,3.528496379745682,0.04167988896369934,0.01749110221862793,2.8042283058166504,2.212625026702881,0
2025-12-12 14:04:37.647446,0.2,0.2,6991.1,582.9,12.0,8.7,408.4,34.0,24.1,0.00,0.00,0.00,0.00,0,0,0,0,0,0,0,0,0,0,0,0,0,0,0,0,0.0,-0.26147016882896423,2.805854320526123,0.7052204012870789,1.6829407452743141,0.2,0.2,1.0,-0.02499999999999991,1.025,-0.02499999999999991,0.5,-3.0,1.0,-1.0115274784684272,1.6829407452743141,3.5270373907978563,0.04275813698768616,0.018479347229003906,2.8042283058166504,2.212625026702881,0
2025-12-12 14:04:37.678777,0.2,0.2,6818.8,595.8,12.0,8.9,408.8,34.0,24.1,0.00,0.00,0.00,0.00,0,0,0,0,0,0,0,0,0,0,0,0,0,0,0,0,0.0,-0.26147016882896423,2.805854320526123,0.7052204012870789,1.6829407452743141,0.2,0.2,1.0,-0.02499999999999991,1.025,-0.02499999999999991,0.5,-3.0,1.0,-1.0115274784684272,1.6829407452743141,3.5270373907978563,0.04275813698768616,0.018479347229003906,2.8042283058166504,2.212625026702881,0
2025-12-12 14:04:37.710075,0.2,0.2,6953.4,579.8,12.0,8.7,409.2,34.1,24.1,0.00,0.00,0.00,0.00,0,0,0,0,0,0,0,0,0,0,0,0,0,0,0,0,0.0,-0.26147016882896423,2.805854320526123,0.7052204012870789,1.6829407452743141,0.2,0.2,1.0,-0.02499999999999991,1.025,-0.02499999999999991,0.5,-3.0,1.0,-1.0115274784684272,1.6829407452743141,3.5270373907978563,0.04275813698768616,0.018479347229003906,2.8042283058166504,2.212625026702881,0
2025-12-12 14:04:37.741582,0.2,0.2,6982.5,582.3,12.0,8.7,409.6,34.1,24.1,0.00,0.00,0.00,0.00,0,0,0,0,0,0,0,0,0,0,0,0,0,0,0,0,0.0,-0.2614028751850128,2.8067705631256104,0.7048659324645996,1.7079089584355696,0.2,0.2,1.0,-0.02499999999999991,1.025,-0.02499999999999991,0.5,-3.0,1.0,-1.0366872468225747,1.7079089584355696,3.526414780177228,0.04282543063163757,0.01939558982849121,2.8042283058166504,2.212625026702881,0
2025-12-12 14:04:37.772352,0.2,0.2,7191.3,599.7,12.0,9.0,410.0,34.1,24.1,0.00,0.00,0.00,0.00,0,0,0,0,0,0,0,0,0,0,0,0,0,0,0,0,0.0,-0.2614028751850128,2.8067705631256104,0.7048659324645996,1.7079089584355696,0.2,0.2,1.0,-0.02499999999999991,1.025,-0.02499999999999991,0.5,-3.0,1.0,-1.0366872468225747,1.7079089584355696,3.526414780177228,0.04282543063163757,0.01939558982849121,2.8042283058166504,2.212625026702881,0
2025-12-12 14:04:37.803680,0.2,0.2,7247.4,604.4,12.0,9.1,410.4,34.2,24.1,0.00,0.00,0.00,0.00,0,0,0,0,0,0,0,0,0,0,0,0,0,0,0,0,0.0,-0.2614028751850128,2.8067705631256104,0.7048659324645996,1.7079089584355696,0.2,0.2,1.0,-0.02499999999999991,1.025,-0.02499999999999991,0.5,-3.0,1.0,-1.0366872468225747,1.7079089584355696,3.526414780177228,0.04282543063163757,0.01939558982849121,2.8042283058166504,2.212625026702881,0
2025-12-12 14:04:37.835101,0.2,0.2,6860.7,572.1,12.0,8.6,410.8,34.2,24.1,0.00,0.00,0.00,0.00,0,0,0,0,0,0,0,0,0,0,0,0,0,0,0,0,0.0,-0.2608714699745178,2.8083269596099854,0.7052747011184692,1.727748615403065,0.2,0.2,1.0,-0.02499999999999991,1.025,-0.02499999999999991,0.5,-3.0,1.0,-1.0567788879107556,1.727748615403065,3.5250307785452972,0.04335683584213257,0.02095198631286621,2.8042283058166504,2.212625026702881,0
2025-12-12 14:04:37.865859,0.2,0.2,6756.3,579.1,12.0,8.7,411.2,34.2,24.1,0.00,0.00,0.00,0.00,0,0,0,0,0,0,0,0,0,0,0,0,0,0,0,0,0.0,-0.2608714699745178,2.8083269596099854,0.7052747011184692,1.727748615403065,0.2,0.2,1.0,-0.02499999999999991,1.025,-0.02499999999999991,0.5,-3.0,1.0,-1.0567788879107556,1.727748615403065,3.5250307785452972,0.04335683584213257,0.02095198631286621,2.8042283058166504,2.212625026702881,0
2025-12-12 14:04:37.897806,0.2,0.2,6808.5,567.6,12.0,8.5,411.6,34.3,24.1,0.00,0.00,0.00,0.00,0,0,0,0,0,0,0,0,0,0,0,0,0,0,0,0,0.0,-0.2608714699745178,2.8083269596099854,0.7052747011184692,1.727748615403065,0.2,0.2,1.0,-0.02499999999999991,1.025,-0.02499999999999991,0.5,-3.0,1.0,-1.0567788879107556,1.727748615403065,3.5250307785452972,0.04335683584213257,0.02095198631286621,2.8042283058166504,2.212625026702881,0
2025-12-12 14:04:38.082511,0.2,0.2,6664.6,555.7,12.0,8.3,412.0,34.3,24.1,0.00,0.00,0.00,0.00,0,0,0,0,0,0,0,0,0,0,0,0,0,0,0,0,0.0,-0.2598721981048584,2.8090713024139404,0.7052319645881653,1.7815786495022166,0.2,0.2,1.0,-0.02499999999999991,1.025,-0.02499999999999991,0.5,-3.0,1.0,-1.110598050301197,1.7815786495022166,3.5237853379254376,0.04435610771179199,0.02169632911682129,2.8042283058166504,2.212625026702881,0
2025-12-12 14:04:38.113998,0.2,0.2,6502.0,542.1,12.0,8.1,412.4,34.3,24.1,0.00,0.00,0.00,0.00,0,0,0,0,0,0,0,0,0,0,0,0,0,0,0,0,0.0,-0.2598721981048584,2.8090713024139404,0.7052319645881653,1.7815786495022166,0.2,0.2,1.0,-0.02499999999999991,1.025,-0.02499999999999991,0.5,-3.0,1.0,-1.110598050301197,1.7815786495022166,3.5237853379254376,0.04435610771179199,0.02169632911682129,2.8042283058166504,2.212625026702881,0
2025-12-12 14:04:38.145294,0.2,0.2,6527.8,544.3,12.0,8.2,412.8,34.4,24.1,0.00,0.00,0.00,0.00,0,0,0,0,0,0,0,0,0,0,0,0,0,0,0,0,0.0,-0.25964653491973877,2.80985164642334,0.7052186131477356,1.7945086720376762,0.2,0.2,1.0,-0.02499999999999991,1.025,-0.02499999999999991,0.5,-3.0,1.0,-1.1236617235640103,1.7945086720376762,3.523123444951805,0.04458177089691162,0.022476673126220703,2.8042283058166504,2.212625026702881,0
2025-12-12 14:04:38.175831,0.2,0.2,6725.5,560.7,12.0,8.4,413.2,34.4,24.1,0.00,0.00,0.00,0.00,0,0,0,0,0,0,0,0,0,0,0,0,0,0,0,0,0.0,-0.25964653491973877,2.80985164642334,0.7052186131477356,1.7945086720376762,0.2,0.2,1.0,-0.02499999999999991,1.025,-0.02499999999999991,0.5,-3.0,1.0,-1.1236617235640103,1.7945086720376762,3.523123444951805,0.04458177089691162,0.022476673126220703,2.8042283058166504,2.212625026702881,0
2025-12-12 14:04:38.207210,0.2,0.2,6829.3,569.5,12.0,8.5,413.6,34.4,24.1,0.00,0.00,0.00,0.00,0,0,0,0,0,0,0,0,0,0,0,0,0,0,0,0,0.0,-0.25964653491973877,2.80985164642334,0.7052186131477356,1.7945086720376762,0.2,0.2,1.0,-0.02499999999999991,1.025,-0.02499999999999991,0.5,-3.0,1.0,-1.1236617235640103,1.7945086720376762,3.523123444951805,0.04458177089691162,0.022476673126220703,2.8042283058166504,2.212625026702881,0
2025-12-12 14:04:38.287044,0.2,0.2,6711.5,559.6,12.0,8.4,414.0,34.5,24.1,0.00,0.00,0.00,0.00,0,0,0,0,0,0,0,0,0,0,0,0,0,0,0,0,0.0,-0.2581859230995178,2.811796188354492,0.7048447728157043,1.8582675473682881,0.2,0.2,1.0,-0.02499999999999991,1.025,-0.02499999999999991,0.5,-3.0,1.0,-1.1875953225907714,1.8582675473682881,3.520770584358525,0.04604238271713257,0.024421215057373047,2.8042283058166504,2.212625026702881,0
2025-12-12 14:04:38.317815,0.2,0.2,6913.0,576.4,12.0,8.6,414.4,34.5,24.1,0.00,0.00,0.00,0.00,0,0,0,0,0,0,0,0,0,0,0,0,0,0,0,0,0.0,-0.2581859230995178,2.811796188354492,0.7048447728157043,1.8582675473682881,0.2,0.2,1.0,-0.02499999999999991,1.025,-0.02499999999999991,0.5,-3.0,1.0,-1.1875953225907714,1.8582675473682881,3.520770584358525,0.04604238271713257,0.024421215057373047,2.8042283058166504,2.212625026702881,0
2025-12-12 14:04:38.389671,0.2,0.2,6794.6,566.6,12.0,8.5,414.8,34.5,24.1,0.00,0.00,0.00,0.00,0,0,0,0,0,0,0,0,0,0,0,0,0,0,0,0,0.0,-0.257831871509552,2.8125884532928467,0.7044268250465393,1.8798633893886194,0.2,0.2,1.0,-0.02499999999999991,1.025,-0.02499999999999991,0.5,-3.0,1.0,-1.2093049759424717,1.8798633893886194,3.5200008389461583,0.04639643430709839,0.02521347999572754,2.8042283058166504,2.212625026702881,0
2025-12-12 14:04:38.420917,0.2,0.2,6700.3,558.6,12.0,8.4,415.2,34.6,24.1,0.00,0.00,0.00,0.00,0,0,0,0,0,0,0,0,0,0,0,0,0,0,0,0,0.0,-0.257831871509552,2.8125884532928467,0.7044268250465393,1.8798633893886194,0.2,0.2,1.0,-0.02499999999999991,1.025,-0.02499999999999991,0.5,-3.0,1.0,-1.2093049759424717,1.8798633893886194,3.5200008389461583,0.04639643430709839,0.02521347999572754,2.8042283058166504,2.212625026702881,0
2025-12-12 14:04:38.492115,0.2,0.2,6647.3,567.4,12.0,8.3,415.5,34.6,24.1,0.00,0.00,0.00,0.00,0,0,0,0,0,0,0,0,0,0,0,0,0,0,0,0,0.0,-0.25767090916633606,2.8146839141845703,0.7046704888343811,1.9206323361838948,0.2,0.2,1.0,-0.02499999999999991,1.025,-0.02499999999999991,0.5,-3.0,1.0,-1.2505120875993994,1.9206323361838948,3.5185728979496727,0.04655739665031433,0.027308940887451172,2.8042283058166504,2.212625026702881,0
2025-12-12 14:04:38.632694,0.2,0.2,6532.7,544.7,12.0,8.2,415.9,34.6,24.1,0.00,0.00,0.00,0.00,0,0,0,0,0,0,0,0,0,0,0,0,0,0,0,0,0.0,-0.2570768892765045,2.815506935119629,0.7043836116790771,1.9456728495672,0.2,0.2,1.0,-0.02499999999999991,1.025,-0.02499999999999991,0.5,-3.0,1.0,-1.2756310938371684,1.9456728495672,3.517596185450093,0.047151416540145874,0.028131961822509766,2.8042283058166504,2.212625026702881,0
2025-12-12 14:04:38.695149,0.2,0.2,6642.5,553.9,12.0,8.3,416.3,34.7,24.1,0.00,0.00,0.00,0.00,0,0,0,0,0,0,0,0,0,0,0,0,0,0,0,0,0.0,-0.25634968280792236,2.8169732093811035,0.7043003439903259,1.9916912972210228,0.2,0.2,1.0,-0.02499999999999991,1.025,-0.02499999999999991,0.5,-3.0,1.0,-1.3218479566605414,1.9916912972210228,3.516115689574957,0.04787862300872803,0.029598236083984375,2.8042283058166504,2.212625026702881,0
2025-12-12 14:04:38.726399,0.2,0.2,6878.8,573.6,12.0,8.6,416.7,34.7,24.1,0.00,0.00,0.00,0.00,0,0,0,0,0,0,0,0,0,0,0,0,0,0,0,0,0.0,-0.25634968280792236,2.8169732093811035,0.7043003439903259,1.9916912972210228,0.2,0.2,1.0,-0.02499999999999991,1.025,-0.02499999999999991,0.5,-3.0,1.0,-1.3218479566605414,1.9916912972210228,3.516115689574957,0.04787862300872803,0.029598236083984375,2.8042283058166504,2.212625026702881,0
2025-12-12 14:04:38.757734,0.2,0.2,6948.8,579.4,12.0,8.7,417.1,34.7,24.1,0.00,0.00,0.00,0.00,0,0,0,0,0,0,0,0,0,0,0,0,0,0,0,0,0.0,-0.25634968280792236,2.8169732093811035,0.7043003439903259,1.9916912972210228,0.2,0.2,1.0,-0.02499999999999991,1.025,-0.02499999999999991,0.5,-3.0,1.0,-1.3218479566605414,1.9916912972210228,3.516115689574957,0.04787862300872803,0.029598236083984375,2.8042283058166504,2.212625026702881,0
2025-12-12 14:04:38.828243,0.2,0.2,6881.7,573.8,12.0,8.6,417.5,34.8,24.1,0.00,0.00,0.00,0.00,0,0,0,0,0,0,0,0,0,0,0,0,0,0,0,0,0.0,-0.25626182556152344,2.8177695274353027,0.7043047547340393,2.0123482745710297,0.2,0.2,1.0,-0.02499999999999991,1.025,-0.02499999999999991,0.5,-3.0,1.0,-1.3426669857745135,2.0123482745710297,3.5155524582116087,0.04796648025512695,0.030394554138183594,2.8042283058166504,2.212625026702881,0
2025-12-12 14:04:38.859455,0.2,0.2,6982.7,582.3,12.0,8.7,417.9,34.8,24.1,0.00,0.00,0.00,0.00,0,0,0,0,0,0,0,0,0,0,0,0,0,0,0,0,0.0,-0.25626182556152344,2.8177695274353027,0.7043047547340393,2.0123482745710297,0.2,0.2,1.0,-0.02499999999999991,1.025,-0.02499999999999991,0.5,-3.0,1.0,-1.3426669857745135,2.0123482745710297,3.5155524582116087,0.04796648025512695,0.030394554138183594,2.8042283058166504,2.212625026702881,0
2025-12-12 14:04:38.903607,0.2,0.2,6795.4,566.7,12.0,8.5,418.3,34.8,24.1,0.00,0.00,0.00,0.00,0,0,0,0,0,0,0,0,0,0,0,0,0,0,0,0,0.0,-0.25660407543182373,2.8179845809936523,0.7046043872833252,2.0191577015974236,0.2,0.2,1.0,-0.02499999999999991,1.025,-0.02499999999999991,0.5,-3.0,1.0,-1.3495847993048251,2.0191577015974236,3.515687317932126,0.04762423038482666,0.030609607696533203,2.8042283058166504,2.212625026702881,0
2025-12-12 14:04:38.934546,0.2,0.2,6809.3,567.8,12.0,8.5,418.7,34.9,24.1,0.00,0.00,0.00,0.00,0,0,0,0,0,0,0,0,0,0,0,0,0,0,0,0,0.0,-0.25660407543182373,2.8179845809936523,0.7046043872833252,2.0191577015974236,0.2,0.2,1.0,-0.02499999999999991,1.025,-0.02499999999999991,0.5,-3.0,1.0,-1.3495847993048251,2.0191577015974236,3.515687317932126,0.04762423038482666,0.030609607696533203,2.8042283058166504,2.212625026702881,0
2025-12-12 14:04:39.004918,0.2,0.2,6283.2,523.8,12.0,7.9,419.1,34.9,24.1,0.00,0.00,0.00,0.00,0,0,0,0,0,0,0,0,0,0,0,0,0,0,0,0,0.0,-0.2565663754940033,2.8178982734680176,0.7045455574989319,2.016475330887469,0.2,0.2,1.0,-0.02499999999999991,1.025,-0.02499999999999991,0.5,-3.0,1.0,-1.346876524561587,2.016475330887469,3.515711325953541,0.047661930322647095,0.030523300170898438,2.8042283058166504,2.212625026702881,0
2025-12-12 14:04:39.047278,0.2,0.2,6680.2,557.1,12.0,8.4,419.5,34.9,24.1,0.00,0.00,0.00,0.00,0,0,0,0,0,0,0,0,0,0,0,0,0,0,0,0,0.0,-0.2565663754940033,2.8178982734680176,0.7045455574989319,2.016475330887469,0.2,0.2,1.0,-0.02499999999999991,1.025,-0.02499999999999991,0.5,-3.0,1.0,-1.346876524561587,2.016475330887469,3.515711325953541,0.047661930322647095,0.030523300170898438,2.8042283058166504,2.212625026702881,0
2025-12-12 14:04:39.172270,0.2,0.2,6652.6,564.8,12.0,8.3,419.9,35.0,24.1,0.00,0.00,0.00,0.00,0,0,0,0,0,0,0,0,0,0,0,0,0,0,0,0,0.0,-0.2566446363925934,2.8191964626312256,0.7048012614250183,2.053960187096108,0.2,0.2,1.0,-0.02499999999999991,1.025,-0.02499999999999991,0.5,-3.0,1.0,-1.3846647823181755,2.053960187096108,3.5149671008349728,0.04758366942405701,0.031821489334106445,2.8042283058166504,2.212625026702881,0
2025-12-12 14:04:39.208984,0.2,0.2,6783.4,565.7,12.0,8.5,420.3,35.0,24.1,0.00,0.00,0.00,0.00,0,0,0,0,0,0,0,0,0,0,0,0,0,0,0,0,0.0,-0.2566446363925934,2.8191964626312256,0.7048012614250183,2.053960187096108,0.2,0.2,1.0,-0.02499999999999991,1.025,-0.02499999999999991,0.5,-3.0,1.0,-1.3846647823181755,2.053960187096108,3.5149671008349728,0.04758366942405701,0.031821489334106445,2.8042283058166504,2.212625026702881,0
2025-12-12 14:04:39.240323,0.2,0.2,6643.5,569.2,12.0,8.3,420.7,35.0,24.1,0.00,0.00,0.00,0.00,0,0,0,0,0,0,0,0,0,0,0,0,0,0,0,0,0.0,-0.2566446363925934,2.8191964626312256,0.7048012614250183,2.053960187096108,0.2,0.2,1.0,-0.02499999999999991,1.025,-0.02499999999999991,0.5,-3.0,1.0,-1.3846647823181755,2.053960187096108,3.5149671008349728,0.04758366942405701,0.031821489334106445,2.8042283058166504,2.212625026702881,0
2025-12-12 14:04:39.320231,0.2,0.2,6844.4,570.7,12.0,8.6,421.1,35.1,24.1,0.00,0.00,0.00,0.00,0,0,0,0,0,0,0,0,0,0,0,0,0,0,0,0,0.0,-0.25663673877716064,2.8192026615142822,0.7048929929733276,2.0539357333747423,0.2,0.2,1.0,-0.02499999999999991,1.025,-0.02499999999999991,0.5,-3.0,1.0,-1.3846403176675994,2.0539357333747423,3.514957061063815,0.047591567039489746,0.031827688217163086,2.8042283058166504,2.212625026702881,0
2025-12-12 14:04:39.351484,0.2,0.2,6951.5,579.7,12.0,8.7,421.5,35.1,24.1,0.00,0.00,0.00,0.00,0,0,0,0,0,0,0,0,0,0,0,0,0,0,0,0,0.0,-0.25663673877716064,2.8192026615142822,0.7048929929733276,2.0539357333747423,0.2,0.2,1.0,-0.02499999999999991,1.025,-0.02499999999999991,0.5,-3.0,1.0,-1.3846403176675994,2.0539357333747423,3.514957061063815,0.047591567039489746,0.031827688217163086,2.8042283058166504,2.212625026702881,0
2025-12-12 14:04:39.414917,0.2,0.2,7052.1,588.1,12.0,8.8,421.9,35.1,24.1,0.00,0.00,0.00,0.00,0,0,0,0,0,0,0,0,0,0,0,0,0,0,0,0,0.0,-0.25663673877716064,2.8192026615142822,0.7048929929733276,2.0539357333747423,0.2,0.2,1.0,-0.02499999999999991,1.025,-0.02499999999999991,0.5,-3.0,1.0,-1.3846403176675994,2.0539357333747423,3.514957061063815,0.047591567039489746,0.031827688217163086,2.8042283058166504,2.212625026702881,0
2025-12-12 14:04:39.604529,0.2,0.2,6822.4,568.9,12.0,8.5,422.3,35.2,24.1,0.00,0.00,0.00,0.00,0,0,0,0,0,0,0,0,0,0,0,0,0,0,0,0,0.0,-0.2563873827457428,2.819467782974243,0.7056691646575928,2.073060937836259,0.2,0.2,1.0,-0.02499999999999991,1.025,-0.02499999999999991,0.5,-3.0,1.0,-1.4037806632794902,2.073060937836259,3.5145970115003498,0.04784092307090759,0.03209280967712402,2.8042283058166504,2.212625026702881,0
2025-12-12 14:04:39.635078,0.2,0.2,6920.2,577.0,12.0,8.7,422.7,35.2,24.1,0.00,0.00,0.00,0.00,0,0,0,0,0,0,0,0,0,0,0,0,0,0,0,0,0.0,-0.2563873827457428,2.819467782974243,0.7056691646575928,2.073060937836259,0.2,0.2,1.0,-0.02499999999999991,1.025,-0.02499999999999991,0.5,-3.0,1.0,-1.4037806632794902,2.073060937836259,3.5145970115003498,0.04784092307090759,0.03209280967712402,2.8042283058166504,2.212625026702881,0
2025-12-12 14:04:39.665439,0.2,0.2,7000.9,583.9,12.0,8.8,423.1,35.2,24.1,0.00,0.00,0.00,0.00,0,0,0,0,0,0,0,0,0,0,0,0,0,0,0,0,0.0,-0.2563873827457428,2.819467782974243,0.7056691646575928,2.073060937836259,0.2,0.2,1.0,-0.02499999999999991,1.025,-0.02499999999999991,0.5,-3.0,1.0,-1.4037806632794902,2.073060937836259,3.5145970115003498,0.04784092307090759,0.03209280967712402,2.8042283058166504,2.212625026702881,0
2025-12-12 14:04:39.696838,0.2,0.2,6875.8,573.3,12.0,8.6,423.5,35.3,24.1,0.00,0.00,0.00,0.00,0,0,0,0,0,0,0,0,0,0,0,0,0,0,0,0,0.0,-0.25635260343551636,2.8207321166992188,0.7059704065322876,2.1193524871199974,0.2,0.2,1.0,-0.02499999999999991,1.025,-0.02499999999999991,0.5,-3.0,1.0,-1.4503482678825885,2.1193524871199974,3.513785449006814,0.04787570238113403,0.03335714340209961,2.8042283058166504,2.212625026702881,0
2025-12-12 14:04:39.926777,0.2,0.2,7097.1,591.9,12.0,8.9,423.9,35.3,24.1,0.00,0.00,0.00,0.00,0,0,0,0,0,0,0,0,0,0,0,0,0,0,0,0,0.0,-0.2560127377510071,2.8255631923675537,0.7059497833251953,2.2447424720383036,0.2,0.2,1.0,-0.02499999999999991,1.025,-0.02499999999999991,0.5,-3.0,1.0,-1.576757730525836,2.2447424720383036,3.510524411114753,0.04821556806564331,0.03818821907043457,2.8042283058166504,2.212625026702881,0
2025-12-12 14:04:39.958077,0.2,0.2,7045.2,587.5,12.0,8.8,424.3,35.3,24.1,0.00,0.00,0.00,0.00,0,0,0,0,0,0,0,0,0,0,0,0,0,0,0,0,0.0,-0.2560127377510071,2.8255631923675537,0.7059497833251953,2.2447424720383036,0.2,0.2,1.0,-0.02499999999999991,1.025,-0.02499999999999991,0.5,-3.0,1.0,-1.576757730525836,2.2447424720383036,3.510524411114753,0.04821556806564331,0.03818821907043457,2.8042283058166504,2.212625026702881,0
2025-12-12 14:04:40.195992,0.2,0.2,6904.8,575.8,12.0,8.6,424.7,35.4,24.1,0.00,0.00,0.00,0.00,0,0,0,0,0,0,0,0,0,0,0,0,0,0,0,0,0.0,-0.2567293643951416,2.834766149520874,0.705725371837616,2.458969737103259,0.2,0.2,1.0,-0.02499999999999991,1.025,-0.02499999999999991,0.5,-3.0,1.0,-1.7931727284434253,2.458969737103259,3.5053950441824817,0.04749894142150879,0.04739117622375488,2.8042283058166504,2.212625026702881,0
2025-12-12 14:04:40.227197,0.2,0.2,6572.3,548.0,12.0,8.2,425.1,35.4,24.1,0.00,0.00,0.00,0.00,0,0,0,0,0,0,0,0,0,0,0,0,0,0,0,0,0.0,-0.2567293643951416,2.834766149520874,0.705725371837616,2.458969737103259,0.2,0.2,1.0,-0.02499999999999991,1.025,-0.02499999999999991,0.5,-3.0,1.0,-1.7931727284434253,2.458969737103259,3.5053950441824817,0.04749894142150879,0.04739117622375488,2.8042283058166504,2.212625026702881,0
2025-12-12 14:04:40.258472,0.2,0.2,6476.1,540.0,12.0,8.1,425.5,35.4,24.1,0.00,0.00,0.00,0.00,0,0,0,0,0,0,0,0,0,0,0,0,0,0,0,0,0.0,-0.2567293643951416,2.834766149520874,0.705725371837616,2.458969737103259,0.2,0.2,1.0,-0.02499999999999991,1.025,-0.02499999999999991,0.5,-3.0,1.0,-1.7931727284434253,2.458969737103259,3.5053950441824817,0.04749894142150879,0.04739117622375488,2.8042283058166504,2.212625026702881,0
2025-12-12 14:04:40.289837,0.2,0.2,6376.6,531.7,12.0,8.0,425.9,35.5,24.1,0.00,0.00,0.00,0.00,0,0,0,0,0,0,0,0,0,0,0,0,0,0,0,0,0.0,-0.2567058205604553,2.835010528564453,0.705797553062439,2.4654604888019556,0.2,0.2,1.0,-0.02499999999999991,1.025,-0.02499999999999991,0.5,-3.0,1.0,-1.7997141596263133,2.4654604888019556,3.5052255836876838,0.04752248525619507,0.047635555267333984,2.8042283058166504,2.212625026702881,0
2025-12-12 14:04:40.321053,0.2,0.2,6448.7,537.7,12.0,8.1,426.2,35.5,24.1,0.00,0.00,0.00,0.00,0,0,0,0,0,0,0,0,0,0,0,0,0,0,0,0,0.0,-0.2567058205604553,2.835010528564453,0.705797553062439,2.4654604888019556,0.2,0.2,1.0,-0.02499999999999991,1.025,-0.02499999999999991,0.5,-3.0,1.0,-1.7997141596263133,2.4654604888019556,3.5052255836876838,0.04752248525619507,0.047635555267333984,2.8042283058166504,2.212625026702881,0
2025-12-12 14:04:40.352172,0.2,0.2,6467.3,539.2,12.0,8.1,426.6,35.5,24.1,0.00,0.00,0.00,0.00,0,0,0,0,0,0,0,0,0,0,0,0,0,0,0,0,0.0,-0.2567058205604553,2.835010528564453,0.705797553062439,2.4654604888019556,0.2,0.2,1.0,-0.02499999999999991,1.025,-0.02499999999999991,0.5,-3.0,1.0,-1.7997141596263133,2.4654604888019556,3.5052255836876838,0.04752248525619507,0.047635555267333984,2.8042283058166504,2.212625026702881,0
2025-12-12 14:04:40.383262,0.2,0.2,6541.7,545.6,12.0,8.2,427.0,35.6,24.1,0.00,0.00,0.00,0.00,0,0,0,0,0,0,0,0,0,0,0,0,0,0,0,0,0.0,-0.2567058205604553,2.835010528564453,0.705797553062439,2.4654604888019556,0.2,0.2,1.0,-0.02499999999999991,1.025,-0.02499999999999991,0.5,-3.0,1.0,-1.7997141596263133,2.4654604888019556,3.5052255836876838,0.04752248525619507,0.047635555267333984,2.8042283058166504,2.212625026702881,0
2025-12-12 14:04:40.415202,0.2,0.2,6431.7,543.5,12.0,8.0,427.4,35.6,24.1,0.00,0.00,0.00,0.00,0,0,0,0,0,0,0,0,0,0,0,0,0,0,0,0,0.0,-0.2577623128890991,2.838852643966675,0.7053409814834595,2.557033893564363,0.2,0.2,1.0,-0.02499999999999991,1.025,-0.02499999999999991,0.5,-3.0,1.0,-1.892336229927464,2.557033893564363,3.503685326749716,0.04646599292755127,0.051477670669555664,2.8042283058166504,2.212625026702881,0
2025-12-12 14:04:40.447394,0.2,0.2,6742.0,562.3,12.0,8.4,427.8,35.6,24.1,0.00,0.00,0.00,0.00,0,0,0,0,0,0,0,0,0,0,0,0,0,0,0,0,0.0,-0.2577623128890991,2.838852643966675,0.7053409814834595,2.557033893564363,0.2,0.2,1.0,-0.02499999999999991,1.025,-0.02499999999999991,0.5,-3.0,1.0,-1.892336229927464,2.557033893564363,3.503685326749716,0.04646599292755127,0.051477670669555664,2.8042283058166504,2.212625026702881,0
2025-12-12 14:04:40.479420,0.2,0.2,6718.4,560.2,12.0,8.4,428.1,35.7,24.1,0.00,0.00,0.00,0.00,0,0,0,0,0,0,0,0,0,0,0,0,0,0,0,0,0.0,-0.2577623128890991,2.838852643966675,0.7053409814834595,2.557033893564363,0.2,0.2,1.0,-0.02499999999999991,1.025,-0.02499999999999991,0.5,-3.0,1.0,-1.892336229927464,2.557033893564363,3.503685326749716,0.04646599292755127,0.051477670669555664,2.8042283058166504,2.212625026702881,0
2025-12-12 14:04:40.512251,0.2,0.2,6697.5,558.5,12.0,8.4,428.5,35.7,24.1,0.00,0.00,0.00,0.00,0,0,0,0,0,0,0,0,0,0,0,0,0,0,0,0,0.0,-0.25785037875175476,2.838913679122925,0.7059933543205261,2.562874806108155,0.2,0.2,1.0,-0.02499999999999991,1.025,-0.02499999999999991,0.5,-3.0,1.0,-1.8982063576914927,2.562874806108155,3.503716997399078,0.04637792706489563,0.051538705825805664,2.8042283058166504,2.212625026702881,0
2025-12-12 14:04:40.544556,0.2,0.2,6437.4,536.7,12.0,8.1,428.9,35.7,24.1,0.00,0.00,0.00,0.00,0,0,0,0,0,0,0,0,0,0,0,0,0,0,0,0,0.0,-0.25785037875175476,2.838913679122925,0.7059933543205261,2.562874806108155,0.2,0.2,1.0,-0.02499999999999991,1.025,-0.02499999999999991,0.5,-3.0,1.0,-1.8982063576914927,2.562874806108155,3.503716997399078,0.04637792706489563,0.051538705825805664,2.8042283058166504,2.212625026702881,0
2025-12-12 14:04:40.576420,0.2,0.2,7037.7,586.9,12.0,8.8,429.3,35.8,24.1,0.00,0.00,0.00,0.00,0,0,0,0,0,0,0,0,0,0,0,0,0,0,0,0,0.0,-0.25785037875175476,2.838913679122925,0.7059933543205261,2.562874806108155,0.2,0.2,1.0,-0.02499999999999991,1.025,-0.02499999999999991,0.5,-3.0,1.0,-1.8982063576914927,2.562874806108155,3.503716997399078,0.04637792706489563,0.051538705825805664,2.8042283058166504,2.212625026702881,0
2025-12-12 14:04:40.608703,0.2,0.2,6682.9,557.3,12.0,8.4,429.7,35.8,24.1,0.00,0.00,0.00,0.00,0,0,0,0,0,0,0,0,0,0,0,0,0,0,0,0,0.0,-0.2610792815685272,2.846020221710205,0.7053699493408203,2.73297226312245,0.2,0.2,1.0,-0.02499999999999991,1.025,-0.02499999999999991,0.5,-3.0,1.0,-2.0704698772599928,2.73297226312245,3.501883448144488,0.04314902424812317,0.05864524841308594,2.8042283058166504,2.212625026702881,0
2025-12-12 14:04:40.750440,0.2,0.2,6845.0,570.8,12.0,8.6,430.1,35.8,24.1,0.00,0.00,0.00,0.00,0,0,0,0,0,0,0,0,0,0,0,0,0,0,0,0,0.0,-0.2625885307788849,2.84885835647583,0.7052424550056458,2.8214408177589845,0.2,0.2,1.0,-0.02499999999999991,1.025,-0.02499999999999991,0.5,-3.0,1.0,-2.1598426799946067,2.8214408177589845,3.5013291420394776,0.0416397750377655,0.06148338317871094,2.8042283058166504,2.212625026702881,0
2025-12-12 14:04:40.781568,0.2,0.2,6885.4,574.2,12.0,8.6,430.5,35.9,24.1,0.00,0.00,0.00,0.00,0,0,0,0,0,0,0,0,0,0,0,0,0,0,0,0,0.0,-0.2625885307788849,2.84885835647583,0.7052424550056458,2.8214408177589845,0.2,0.2,1.0,-0.02499999999999991,1.025,-0.02499999999999991,0.5,-3.0,1.0,-2.1598426799946067,2.8214408177589845,3.5013291420394776,0.0416397750377655,0.06148338317871094,2.8042283058166504,2.212625026702881,0
2025-12-12 14:04:40.812900,0.2,0.2,7324.9,611.0,12.0,9.2,431.0,35.9,24.1,0.00,0.00,0.00,0.00,0,0,0,0,0,0,0,0,0,0,0,0,0,0,0,0,0.0,-0.2625885307788849,2.84885835647583,0.7052424550056458,2.8214408177589845,0.2,0.2,1.0,-0.02499999999999991,1.025,-0.02499999999999991,0.5,-3.0,1.0,-2.1598426799946067,2.8214408177589845,3.5013291420394776,0.0416397750377655,0.06148338317871094,2.8042283058166504,2.212625026702881,0
2025-12-12 14:04:40.844257,0.2,0.2,7081.5,590.6,12.0,8.9,431.4,35.9,24.1,0.00,0.00,0.00,0.00,0,0,0,0,0,0,0,0,0,0,0,0,0,0,0,0,0.0,-0.2628526985645294,2.849005699157715,0.7039081454277039,2.865804085670079,0.2,0.2,1.0,-0.02499999999999991,1.025,-0.02499999999999991,0.5,-3.0,1.0,-2.2042855018953142,2.865804085670079,3.501447060319675,0.04137560725212097,0.0616307258605957,2.8042283058166504,2.212625026702881,0
2025-12-12 14:04:40.875452,0.2,0.2,6729.9,572.5,12.0,8.4,431.8,36.0,24.1,0.00,0.00,0.00,0.00,0,0,0,0,0,0,0,0,0,0,0,0,0,0,0,0,0.0,-0.2628526985645294,2.849005699157715,0.7039081454277039,2.865804085670079,0.2,0.2,1.0,-0.02499999999999991,1.025,-0.02499999999999991,0.5,-3.0,1.0,-2.2042855018953142,2.865804085670079,3.501447060319675,0.04137560725212097,0.0616307258605957,2.8042283058166504,2.212625026702881,0
2025-12-12 14:04:40.951639,0.2,0.2,6702.9,559.0,12.0,8.4,432.2,36.0,24.1,0.00,0.00,0.00,0.00,0,0,0,0,0,0,0,0,0,0,0,0,0,0,0,0,0.0,-0.2660757005214691,2.8534157276153564,0.7054221034049988,2.9737005771244434,0.2,0.2,1.0,-0.02499999999999991,1.025,-0.02499999999999991,0.5,-3.0,1.0,-2.313741341121964,2.9737005771244434,3.5012853096347984,0.038152605295181274,0.0660407543182373,2.8042283058166504,2.212625026702881,0
2025-12-12 14:04:41.287324,0.2,0.2,6613.8,566.8,12.0,8.3,432.6,36.0,24.1,0.00,0.00,0.00,0.00,0,0,0,0,0,0,0,0,0,0,0,0,0,0,0,0,0.0,-0.2661229372024536,2.8542428016662598,0.7055124640464783,2.98356202567742,0.2,0.2,1.0,-0.02499999999999991,1.025,-0.02499999999999991,0.5,-3.0,1.0,-2.323797705062253,2.98356202567742,3.500815627524333,0.03810536861419678,0.06686782836914062,2.8042283058166504,2.212625026702881,0
2025-12-12 14:04:41.318681,0.2,0.2,6575.0,548.3,12.0,8.2,432.9,36.1,24.1,0.00,0.00,0.00,0.00,0,0,0,0,0,0,0,0,0,0,0,0,0,0,0,0,0.0,-0.2661229372024536,2.8542428016662598,0.7055124640464783,2.98356202567742,0.2,0.2,1.0,-0.02499999999999991,1.025,-0.02499999999999991,0.5,-3.0,1.0,-2.323797705062253,2.98356202567742,3.500815627524333,0.03810536861419678,0.06686782836914062,2.8042283058166504,2.212625026702881,0
