Timestamp,forward_vel_cmd,steering_vel_cmd,power_mW,current_mA,busVoltage_V,shuntVoltage_mV,energy,charge,dieTemp,Left_Stick_X,Left_Stick_Y,Right_Stick_X,Right_Stick_Y,Button_0,Button_1,Button_2,Button_3,Button_4,Button_5,Button_6,Button_7,Button_8,Button_9,Button_10,Button_11,Button_12,Button_13,Button_14,Button_15,mocap_velocity,mocap_x,mocap_y,mocap_z,mocap_heading,forward_vel_cmd,steering_vel_cmd,left_wheel_vel,right_wheel_vel,nn_v_left,nn_v_right,nn_v_linear,nn_v_angular,ppo_control_active,heading_error_rad,current_heading_rad,distance_to_target,target_x,target_y,current_waypoint_idx
2025-12-18 12:33:07.653682,0.2,0.2,11164.1,986.8,11.6,14.4,3293.9,281.9,23.4,0.00,0.00,0.00,0.00,0,0,0,0,0,0,0,0,0,0,0,0,0,0,0,0,0.0,-0.26888006925582886,1.4341788291931152,0.20702309906482697,-0.9814695032549892,0.2,0.2,1.0,-0.02499999999999991,1.025,-0.02499999999999991,0.5,-3.0,1.0,-0.23539932481416725,-0.9814695032549892,3.661098313489119,1.0,-2.0,0
2025-12-18 12:33:07.746131,0.2,0.2,14681.2,1264.7,11.6,19.0,3294.8,281.9,23.4,0.00,0.00,0.00,0.00,0,0,0,0,0,0,0,0,0,0,0,0,0,0,0,0,0.0,-0.26888006925582886,1.4341788291931152,0.20702309906482697,-0.9814695032549892,0.2,0.2,1.0,-0.02499999999999991,1.025,-0.02499999999999991,0.5,-3.0,1.0,-0.23539932481416725,-0.9814695032549892,3.661098313489119,1.0,-2.0,0
2025-12-18 12:33:07.886766,0.2,0.2,14298.6,1231.7,11.6,18.5,3295.6,282.0,23.4,0.00,0.00,0.00,0.00,0,0,0,0,0,0,0,0,0,0,0,0,0,0,0,0,0.0,-0.26888006925582886,1.4341788291931152,0.20702309906482697,-0.9814695032549892,0.2,0.2,1.0,-0.02499999999999991,1.025,-0.02499999999999991,0.5,-3.0,1.0,-0.23539932481416725,-0.9814695032549892,3.661098313489119,1.0,-2.0,0
2025-12-18 12:33:07.949224,0.2,0.2,14224.4,1225.0,11.6,18.4,3296.4,282.1,23.4,0.00,0.00,0.00,0.00,0,0,0,0,0,0,0,0,0,0,0,0,0,0,0,0,0.0,-0.26888006925582886,1.4341788291931152,0.20702309906482697,-0.9814695032549892,0.2,0.2,1.0,-0.02499999999999991,1.025,-0.02499999999999991,0.5,-3.0,1.0,-0.23539932481416725,-0.9814695032549892,3.661098313489119,1.0,-2.0,0
2025-12-18 12:33:07.980503,0.2,0.2,14253.7,1227.6,11.6,18.4,3297.2,282.2,23.4,0.00,0.00,0.00,0.00,0,0,0,0,0,0,0,0,0,0,0,0,0,0,0,0,0.0,-0.2542813718318939,1.456832766532898,0.20277677476406097,-1.29566103837065,0.2,0.2,1.0,-0.02499999999999991,1.025,-0.02499999999999991,0.5,-3.0,1.0,0.07293324384891142,-1.29566103837065,3.6773515653932227,1.0,-2.0,0
2025-12-18 12:33:08.011759,0.2,0.2,18306.8,1578.7,11.6,23.7,3298.2,282.2,23.4,0.00,0.00,0.00,0.00,0,0,0,0,0,0,0,0,0,0,0,0,0,0,0,0,0.0,-0.2542813718318939,1.456832766532898,0.20277677476406097,-1.29566103837065,0.2,0.2,1.0,-0.02499999999999991,1.025,-0.02499999999999991,0.5,-3.0,1.0,0.07293324384891142,-1.29566103837065,3.6773515653932227,1.0,-2.0,0
2025-12-18 12:33:08.051878,0.2,0.2,17364.7,1497.3,11.6,22.5,3299.2,282.3,23.4,0.00,0.00,0.00,0.00,0,0,0,0,0,0,0,0,0,0,0,0,0,0,0,0,0.0,-0.2542813718318939,1.456832766532898,0.20277677476406097,-1.29566103837065,0.2,0.2,1.0,-0.02499999999999991,1.025,-0.02499999999999991,0.5,-3.0,1.0,0.07293324384891142,-1.29566103837065,3.6773515653932227,1.0,-2.0,0
2025-12-18 12:33:08.151400,0.2,0.2,11231.0,966.6,11.6,14.5,3299.9,282.4,23.4,0.00,0.00,0.00,0.00,0,0,0,0,0,0,0,0,0,0,0,0,0,0,0,0,0.0,-0.2542813718318939,1.456832766532898,0.20277677476406097,-1.29566103837065,0.2,0.2,1.0,-0.02499999999999991,1.025,-0.02499999999999991,0.5,-3.0,1.0,0.07293324384891142,-1.29566103837065,3.6773515653932227,1.0,-2.0,0
2025-12-18 12:33:08.182227,0.2,0.2,13511.9,1163.5,11.6,17.5,3300.7,282.5,23.4,0.00,0.00,0.00,0.00,0,0,0,0,0,0,0,0,0,0,0,0,0,0,0,0,0.0,-0.24704380333423615,1.4824978113174438,0.1946088671684265,-1.5165938761493745,0.2,0.2,1.0,-0.02499999999999991,1.025,-0.02499999999999991,0.5,-3.0,1.0,0.2896602608475907,-1.5165938761493745,3.699041666873341,1.0,-2.0,0
2025-12-18 12:33:08.213542,0.2,0.2,14015.7,1207.3,11.6,18.1,3301.7,282.5,23.4,0.00,0.00,0.00,0.00,0,0,0,0,0,0,0,0,0,0,0,0,0,0,0,0,0.0,-0.24704380333423615,1.4824978113174438,0.1946088671684265,-1.5165938761493745,0.2,0.2,0.8334102615714073,0.1665897384285927,0.8334102615714073,0.1665897384285927,0.5,-1.905201494693756,1.0,0.2896602608475907,-1.5165938761493745,3.699041666873341,1.0,-2.0,0
2025-12-18 12:33:08.257177,0.2,0.2,15230.7,1312.1,11.6,19.7,3302.6,282.6,23.4,0.00,0.00,0.00,0.00,0,0,0,0,0,0,0,0,0,0,0,0,0,0,0,0,0.0,-0.24704380333423615,1.4824978113174438,0.1946088671684265,-1.5165938761493745,0.2,0.2,0.6268472634255886,0.3731527365744114,0.6268472634255886,0.3731527365744114,0.5,-0.7248415052890778,1.0,0.2896602608475907,-1.5165938761493745,3.699041666873341,1.0,-2.0,0
2025-12-18 12:33:08.301147,0.2,0.2,18536.1,1598.6,11.6,24.0,3303.6,282.7,23.4,0.00,0.00,0.00,0.00,0,0,0,0,0,0,0,0,0,0,0,0,0,0,0,0,0.0,-0.24798396229743958,1.4839597940444946,0.19490399956703186,-1.5247385096375639,0.2,0.2,0.4334832984954119,0.5665167015045881,0.4334832984954119,0.5665167015045881,0.5,0.380095437169075,1.0,0.2979108864963938,-1.5247385096375639,3.7007350373500363,1.0,-2.0,0
2025-12-18 12:33:08.359589,0.2,0.2,10613.1,913.3,11.6,13.7,3304.2,282.8,23.4,0.00,0.00,0.00,0.00,0,0,0,0,0,0,0,0,0,0,0,0,0,0,0,0,0.0,-0.24798396229743958,1.4839597940444946,0.19490399956703186,-1.5247385096375639,0.2,0.2,0.27691714465618134,0.7230828553438187,0.27691714465618134,0.7230828553438187,0.5,1.2747591733932495,1.0,0.2979108864963938,-1.5247385096375639,3.7007350373500363,1.0,-2.0,0
2025-12-18 12:33:08.519314,0.2,0.2,18385.1,1585.7,11.6,23.8,3305.0,282.8,23.4,0.00,0.00,0.00,0.00,0,0,0,0,0,0,0,0,0,0,0,0,0,0,0,0,0.0,-0.24798396229743958,1.4839597940444946,0.19490399956703186,-1.5247385096375639,0.2,0.2,0.13933439999818803,0.860665600001812,0.13933439999818803,0.860665600001812,0.5,2.06094628572464,1.0,0.2979108864963938,-1.5247385096375639,3.7007350373500363,1.0,-2.0,0
2025-12-18 12:33:08.550616,0.2,0.2,17238.2,1486.4,11.6,22.3,3306.0,282.9,23.4,0.00,0.00,0.00,0.00,0,0,0,0,0,0,0,0,0,0,0,0,0,0,0,0,0.0,-0.24798396229743958,1.4839597940444946,0.19490399956703186,-1.5247385096375639,0.2,0.2,0.019203166663646742,0.9807968333363533,0.019203166663646742,0.9807968333363533,0.5,2.747410476207733,1.0,0.2979108864963938,-1.5247385096375639,3.7007350373500363,1.0,-2.0,0
2025-12-18 12:33:08.580905,0.2,0.2,19484.5,1681.1,11.6,25.2,3307.0,283.0,23.4,0.00,0.00,0.00,0.00,0,0,0,0,0,0,0,0,0,0,0,0,0,0,0,0,0.0,-0.24798396229743958,1.4839597940444946,0.19490399956703186,-1.5247385096375639,0.2,0.2,-0.02499999999999991,1.0,-0.02499999999999991,1.025,0.5,3.0,1.0,0.2979108864963938,-1.5247385096375639,3.7007350373500363,1.0,-2.0,0
2025-12-18 12:33:08.612218,0.2,0.2,16066.9,1384.7,11.6,20.8,3307.9,283.1,23.4,0.00,0.00,0.00,0.00,0,0,0,0,0,0,0,0,0,0,0,0,0,0,0,0,0.0,-0.24798396229743958,1.4839597940444946,0.19490399956703186,-1.5247385096375639,0.2,0.2,-0.02499999999999991,1.0,-0.02499999999999991,1.025,0.5,3.0,1.0,0.2979108864963938,-1.5247385096375639,3.7007350373500363,1.0,-2.0,0
2025-12-18 12:33:08.666933,0.2,0.2,14421.3,1077.4,11.6,18.6,3308.7,283.1,23.4,0.00,0.00,0.00,0.00,0,0,0,0,0,0,0,0,0,0,0,0,0,0,0,0,0.0,-0.2507411539554596,1.4925676584243774,0.20976048707962036,-1.5839959650485014,0.2,0.2,-0.02499999999999991,1.0,-0.02499999999999991,1.025,0.5,3.0,1.0,0.35708555783293416,-1.5839959650485014,3.709768494511453,1.0,-2.0,0
2025-12-18 12:33:08.741717,0.2,0.2,12634.6,1088.1,11.6,16.3,3309.5,283.2,23.4,0.00,0.00,0.00,0.00,0,0,0,0,0,0,0,0,0,0,0,0,0,0,0,0,0.0,-0.2507411539554596,1.4925676584243774,0.20976048707962036,-1.5839959650485014,0.2,0.2,-0.02499999999999991,1.0,-0.02499999999999991,1.025,0.5,3.0,1.0,0.35708555783293416,-1.5839959650485014,3.709768494511453,1.0,-2.0,0
2025-12-18 12:33:08.773397,0.2,0.2,17802.5,1299.7,11.6,23.0,3310.4,283.3,23.4,0.00,0.00,0.00,0.00,0,0,0,0,0,0,0,0,0,0,0,0,0,0,0,0,0.0,-0.2507411539554596,1.4925676584243774,0.20976048707962036,-1.5839959650485014,0.2,0.2,-0.02499999999999991,1.0,-0.02499999999999991,1.025,0.5,3.0,1.0,0.35708555783293416,-1.5839959650485014,3.709768494511453,1.0,-2.0,0
2025-12-18 12:33:08.871427,0.2,0.2,17379.9,1498.6,11.6,22.5,3311.5,283.4,23.4,0.00,0.00,0.00,0.00,0,0,0,0,0,0,0,0,0,0,0,0,0,0,0,0,0.0,-0.2531728744506836,1.5165678262710571,0.20089605450630188,-1.757447509534706,0.2,0.2,-0.02499999999999991,1.0,-0.02499999999999991,1.025,0.5,3.0,1.0,0.5289828637689962,-1.757447509534706,3.7331878508888,1.0,-2.0,0
2025-12-18 12:33:08.902832,0.2,0.2,25590.8,2082.3,11.6,31.2,3312.9,283.5,23.4,0.00,0.00,0.00,0.00,0,0,0,0,0,0,0,0,0,0,0,0,0,0,0,0,0.0,-0.25194263458251953,1.5194264650344849,0.20036354660987854,-1.7208995886197247,0.2,0.2,-0.02499999999999991,1.0,-0.02499999999999991,1.025,0.5,3.0,1.0,0.4918678238257712,-1.7208995886197247,3.735468244152338,1.0,-2.0,0
2025-12-18 12:33:08.974075,0.2,0.2,21838.2,1885.9,11.6,28.3,3314.2,283.6,23.4,0.00,0.00,0.00,0.00,0,0,0,0,0,0,0,0,0,0,0,0,0,0,0,0,0.0,-0.25194263458251953,1.5194264650344849,0.20036354660987854,-1.7208995886197247,0.2,0.2,-0.02499999999999991,1.0,-0.02499999999999991,1.025,0.5,3.0,1.0,0.4918678238257712,-1.7208995886197247,3.735468244152338,1.0,-2.0,0
2025-12-18 12:33:09.075935,0.2,0.2,10767.9,926.9,11.6,13.9,3314.9,283.7,23.4,0.00,0.00,0.00,0.00,0,0,0,0,0,0,0,0,0,0,0,0,0,0,0,0,0.0,-0.2530137598514557,1.5159275531768799,0.20154425501823425,-1.7599604983989274,0.2,0.2,-0.02499999999999991,1.0,-0.02499999999999991,1.025,0.5,3.0,1.0,0.5315132798903628,-1.7599604983989274,3.732531318229687,1.0,-2.0,0
2025-12-18 12:33:09.107323,0.2,0.2,6859.4,589.6,11.6,8.8,3315.3,283.7,23.4,0.00,0.00,0.00,0.00,0,0,0,0,0,0,0,0,0,0,0,0,0,0,0,0,0.0,-0.2530137598514557,1.5159275531768799,0.20154425501823425,-1.7599604983989274,0.2,0.2,-0.02499999999999991,1.0,-0.02499999999999991,1.025,0.5,3.0,1.0,0.5315132798903628,-1.7599604983989274,3.732531318229687,1.0,-2.0,0
2025-12-18 12:33:09.137572,0.2,0.2,4857.4,417.3,11.6,6.3,3315.6,283.7,23.4,0.00,0.00,0.00,0.00,0,0,0,0,0,0,0,0,0,0,0,0,0,0,0,0,0.0,-0.2530137598514557,1.5159275531768799,0.20154425501823425,-1.7599604983989274,0.2,0.2,-0.02499999999999991,1.0,-0.02499999999999991,1.025,0.5,3.0,1.0,0.5315132798903628,-1.7599604983989274,3.732531318229687,1.0,-2.0,0
2025-12-18 12:33:09.178949,0.2,0.2,11705.0,1007.5,11.6,15.1,3316.2,283.8,23.4,0.00,0.00,0.00,0.00,0,0,0,0,0,0,0,0,0,0,0,0,0,0,0,0,0.0,-0.2530137598514557,1.5159275531768799,0.20154425501823425,-1.7599604983989274,0.2,0.2,-0.02499999999999991,1.0,-0.02499999999999991,1.025,0.5,3.0,1.0,0.5315132798903628,-1.7599604983989274,3.732531318229687,1.0,-2.0,0
2025-12-18 12:33:09.282516,0.2,0.2,12253.0,1055.1,11.6,15.8,3317.0,283.9,23.4,0.00,0.00,0.00,0.00,0,0,0,0,0,0,0,0,0,0,0,0,0,0,0,0,0.0,-0.2530137598514557,1.5159275531768799,0.20154425501823425,-1.7599604983989274,0.2,0.2,-0.02499999999999991,1.0,-0.02499999999999991,1.025,0.5,3.0,1.0,0.5315132798903628,-1.7599604983989274,3.732531318229687,1.0,-2.0,0
2025-12-18 12:33:09.604271,0.2,0.2,6477.7,556.8,11.6,8.4,3317.4,283.9,23.4,0.00,0.00,0.00,0.00,0,0,0,0,0,0,0,0,0,0,0,0,0,0,0,0,0.0,-0.2612640857696533,1.4399443864822388,0.19458013772964478,-1.6680509063639637,0.2,0.2,-0.02499999999999991,1.0,-0.02499999999999991,1.025,0.5,3.0,1.0,0.4486868541379662,-1.6680509063639637,3.6638783380651474,1.0,-2.0,0
2025-12-18 12:33:09.635570,0.2,0.2,5907.4,507.6,11.6,7.6,3317.8,283.9,23.4,0.00,0.00,0.00,0.00,0,0,0,0,0,0,0,0,0,0,0,0,0,0,0,0,0.0,-0.2612640857696533,1.4399443864822388,0.19458013772964478,-1.6680509063639637,0.2,0.2,-0.02499999999999991,1.0,-0.02499999999999991,1.025,0.5,3.0,1.0,0.4486868541379662,-1.6680509063639637,3.6638783380651474,1.0,-2.0,0
2025-12-18 12:33:09.666813,0.2,0.2,13885.3,1196.0,11.6,17.9,3318.4,284.0,23.4,0.00,0.00,0.00,0.00,0,0,0,0,0,0,0,0,0,0,0,0,0,0,0,0,0.0,-0.2612640857696533,1.4399443864822388,0.19458013772964478,-1.6680509063639637,0.2,0.2,-0.02499999999999991,1.0,-0.02499999999999991,1.025,0.5,3.0,1.0,0.4486868541379662,-1.6680509063639637,3.6638783380651474,1.0,-2.0,0
2025-12-18 12:33:09.700720,0.2,0.2,13728.1,1182.6,11.6,17.7,3319.3,284.1,23.4,0.00,0.00,0.00,0.00,0,0,0,0,0,0,0,0,0,0,0,0,0,0,0,0,0.0,-0.2612640857696533,1.4399443864822388,0.19458013772964478,-1.6680509063639637,0.2,0.2,-0.02499999999999991,1.0,-0.02499999999999991,1.025,0.5,3.0,1.0,0.4486868541379662,-1.6680509063639637,3.6638783380651474,1.0,-2.0,0
2025-12-18 12:33:09.732053,0.2,0.2,4961.9,765.4,11.6,6.4,3319.7,284.1,23.4,0.00,0.00,0.00,0.00,0,0,0,0,0,0,0,0,0,0,0,0,0,0,0,0,0.0,-0.2635125517845154,1.3443273305892944,0.20858891308307648,-1.494698881650168,0.2,0.2,-0.02499999999999991,1.0,-0.02499999999999991,1.025,0.5,3.0,1.0,0.28513247825040944,-1.494698881650168,3.575050945461272,1.0,-2.0,0
2025-12-18 12:33:09.763399,0.2,0.2,4584.8,393.8,11.6,5.9,3320.0,284.1,23.4,0.00,0.00,0.00,0.00,0,0,0,0,0,0,0,0,0,0,0,0,0,0,0,0,0.0,-0.2635125517845154,1.3443273305892944,0.20858891308307648,-1.494698881650168,0.2,0.2,-0.02499999999999991,1.0,-0.02499999999999991,1.025,0.5,3.0,1.0,0.28513247825040944,-1.494698881650168,3.575050945461272,1.0,-2.0,0
2025-12-18 12:33:09.794148,0.2,0.2,6176.4,530.8,11.6,8.0,3320.4,284.2,23.4,0.00,0.00,0.00,0.00,0,0,0,0,0,0,0,0,0,0,0,0,0,0,0,0,0.0,-0.2635125517845154,1.3443273305892944,0.20858891308307648,-1.494698881650168,0.2,0.2,-0.02499999999999991,1.0,-0.02499999999999991,1.025,0.5,3.0,1.0,0.28513247825040944,-1.494698881650168,3.575050945461272,1.0,-2.0,0
2025-12-18 12:33:09.825539,0.2,0.2,16655.2,1436.3,11.6,21.5,3321.5,284.2,23.4,0.00,0.00,0.00,0.00,0,0,0,0,0,0,0,0,0,0,0,0,0,0,0,0,0.0,-0.2635125517845154,1.3443273305892944,0.20858891308307648,-1.494698881650168,0.2,0.2,-0.02499999999999991,1.0,-0.02499999999999991,1.025,0.5,3.0,1.0,0.28513247825040944,-1.494698881650168,3.575050945461272,1.0,-2.0,0
2025-12-18 12:33:09.857402,0.2,0.2,8615.9,741.1,11.6,11.1,3321.9,284.3,23.4,0.00,0.00,0.00,0.00,0,0,0,0,0,0,0,0,0,0,0,0,0,0,0,0,0.0,-0.2635125517845154,1.3443273305892944,0.20858891308307648,-1.494698881650168,0.2,0.2,-0.02499999999999991,1.0,-0.02499999999999991,1.025,0.5,3.0,1.0,0.28513247825040944,-1.494698881650168,3.575050945461272,1.0,-2.0,0
2025-12-18 12:33:09.890683,0.2,0.2,6627.7,569.6,11.6,8.5,3322.2,284.3,23.4,0.00,0.00,0.00,0.00,0,0,0,0,0,0,0,0,0,0,0,0,0,0,0,0,0.0,-0.2666039764881134,1.2914079427719116,0.18700654804706573,-1.3829389030400703,0.2,0.2,-0.02499999999999991,1.0,-0.02499999999999991,1.025,0.5,3.0,1.0,0.1794958022260702,-1.3829389030400703,3.5267055276840917,1.0,-2.0,0
2025-12-18 12:33:09.923599,0.2,0.2,10872.7,935.8,11.6,14.0,3323.0,284.4,23.4,0.00,0.00,0.00,0.00,0,0,0,0,0,0,0,0,0,0,0,0,0,0,0,0,0.0,-0.2666039764881134,1.2914079427719116,0.18700654804706573,-1.3829389030400703,0.2,0.2,-0.02499999999999991,1.0,-0.02499999999999991,1.025,0.5,3.0,1.0,0.1794958022260702,-1.3829389030400703,3.5267055276840917,1.0,-2.0,0
2025-12-18 12:33:09.994947,0.2,0.2,10699.0,920.8,11.6,13.8,3323.7,284.4,23.4,0.00,0.00,0.00,0.00,0,0,0,0,0,0,0,0,0,0,0,0,0,0,0,0,0.0,-0.2666039764881134,1.2914079427719116,0.18700654804706573,-1.3829389030400703,0.2,0.2,-0.02499999999999991,1.0,-0.02499999999999991,1.025,0.5,3.0,1.0,0.1794958022260702,-1.3829389030400703,3.5267055276840917,1.0,-2.0,0
2025-12-18 12:33:10.025757,0.2,0.2,5163.9,443.8,11.6,6.7,3324.1,284.5,23.4,0.00,0.00,0.00,0.00,0,0,0,0,0,0,0,0,0,0,0,0,0,0,0,0,0.0,-0.26428669691085815,1.2874687910079956,0.18418961763381958,-1.3730322796830934,0.2,0.2,-0.02499999999999991,1.0,-0.02499999999999991,1.025,0.5,3.0,1.0,0.16937682821231093,-1.3730322796830934,3.522197027969523,1.0,-2.0,0
2025-12-18 12:33:10.056373,0.2,0.2,4863.6,417.8,11.6,6.3,3324.3,284.5,23.4,0.00,0.00,0.00,0.00,0,0,0,0,0,0,0,0,0,0,0,0,0,0,0,0,0.0,-0.26428669691085815,1.2874687910079956,0.18418961763381958,-1.3730322796830934,0.2,0.2,-0.02499999999999991,1.0,-0.02499999999999991,1.025,0.5,3.0,1.0,0.16937682821231093,-1.3730322796830934,3.522197027969523,1.0,-2.0,0
2025-12-18 12:33:10.111031,0.2,0.2,12538.5,1079.7,11.6,16.2,3325.0,284.6,23.4,0.00,0.00,0.00,0.00,0,0,0,0,0,0,0,0,0,0,0,0,0,0,0,0,0.0,-0.26428669691085815,1.2874687910079956,0.18418961763381958,-1.3730322796830934,0.2,0.2,-0.02499999999999991,1.0,-0.02499999999999991,1.025,0.5,3.0,1.0,0.16937682821231093,-1.3730322796830934,3.522197027969523,1.0,-2.0,0
2025-12-18 12:33:10.204269,0.2,0.2,9755.1,890.8,11.6,12.6,3325.7,284.6,23.4,0.00,0.00,0.00,0.00,0,0,0,0,0,0,0,0,0,0,0,0,0,0,0,0,0.0,-0.26428669691085815,1.2874687910079956,0.18418961763381958,-1.3730322796830934,0.2,0.2,-0.02499999999999991,1.0,-0.02499999999999991,1.025,0.5,3.0,1.0,0.16937682821231093,-1.3730322796830934,3.522197027969523,1.0,-2.0,0
2025-12-18 12:33:10.352464,0.2,0.2,4089.1,351.3,11.6,5.3,3326.0,284.6,23.4,0.00,0.00,0.00,0.00,0,0,0,0,0,0,0,0,0,0,0,0,0,0,0,0,0.0,-0.26428669691085815,1.2874687910079956,0.18418961763381958,-1.3730322796830934,0.2,0.2,-0.02499999999999991,1.0,-0.02499999999999991,1.025,0.5,3.0,1.0,0.16937682821231093,-1.3730322796830934,3.522197027969523,1.0,-2.0,0
2025-12-18 12:33:10.408585,0.2,0.2,3940.2,338.4,11.6,5.1,3326.4,284.7,23.4,0.00,0.00,0.00,0.00,0,0,0,0,0,0,0,0,0,0,0,0,0,0,0,0,0.0,-0.26691558957099915,1.3004601001739502,0.19294384121894836,-1.3928282189709182,0.2,0.2,-0.01914070993661876,1.0,-0.01914070993661876,1.0191407099366188,0.5,2.9665183424949646,1.0,0.18854777587618443,-1.3928282189709182,3.5352668900577044,1.0,-2.0,0
2025-12-18 12:33:10.439817,0.2,0.2,17581.7,1516.0,11.6,22.7,3327.2,284.7,23.4,0.00,0.00,0.00,0.00,0,0,0,0,0,0,0,0,0,0,0,0,0,0,0,0,0.0,-0.20077642798423767,1.0846980810165405,0.20425157248973846,-0.9066475832000357,0.2,0.2,0.08648754209280018,0.9135124579071998,0.08648754209280018,0.9135124579071998,0.5,2.362928330898285,1.0,-0.2929275762324458,-0.9066475832000357,3.3101701287138874,1.0,-2.0,0
2025-12-18 12:33:10.470518,0.2,0.2,9973.1,858.1,11.6,12.9,3327.8,284.8,23.4,0.00,0.00,0.00,0.00,0,0,0,0,0,0,0,0,0,0,0,0,0,0,0,0,0.0,-0.20077642798423767,1.0846980810165405,0.20425157248973846,-0.9066475832000357,0.2,0.2,0.23026625216007235,0.7697337478399277,0.23026625216007235,0.7697337478399277,0.5,1.5413357019424438,1.0,-0.2929275762324458,-0.9066475832000357,3.3101701287138874,1.0,-2.0,0
2025-12-18 12:33:10.511133,0.2,0.2,5280.0,453.7,11.6,6.8,3328.1,284.8,23.4,0.00,0.00,0.00,0.00,0,0,0,0,0,0,0,0,0,0,0,0,0,0,0,0,0.0,-0.20077642798423767,1.0846980810165405,0.20425157248973846,-0.9066475832000357,0.2,0.2,0.3856592603027821,0.6143407396972179,0.3856592603027821,0.6143407396972179,0.5,0.653375655412674,1.0,-0.2929275762324458,-0.9066475832000357,3.3101701287138874,1.0,-2.0,0
2025-12-18 12:33:10.541599,0.2,0.2,10318.5,888.0,11.6,13.3,3328.5,284.9,23.4,0.00,0.00,0.00,0.00,0,0,0,0,0,0,0,0,0,0,0,0,0,0,0,0,0.0,-0.20077642798423767,1.0846980810165405,0.20425157248973846,-0.9066475832000357,0.2,0.2,0.5664045415818691,0.43359545841813085,0.5664045415818691,0.43359545841813085,0.5,-0.37945452332496643,1.0,-0.2929275762324458,-0.9066475832000357,3.3101701287138874,1.0,-2.0,0
2025-12-18 12:33:10.612633,0.2,0.2,9990.1,859.5,11.6,12.9,3329.2,284.9,23.4,0.00,0.00,0.00,0.00,0,0,0,0,0,0,0,0,0,0,0,0,0,0,0,0,0.0,-0.20077642798423767,1.0846980810165405,0.20425157248973846,-0.9066475832000357,0.2,0.2,0.7408878773450851,0.2591121226549149,0.7408878773450851,0.2591121226549149,0.5,-1.3765021562576294,1.0,-0.2929275762324458,-0.9066475832000357,3.3101701287138874,1.0,-2.0,0
2025-12-18 12:33:10.644829,0.2,0.2,5571.4,864.6,11.6,7.2,3329.7,285.0,23.4,0.00,0.00,0.00,0.00,0,0,0,0,0,0,0,0,0,0,0,0,0,0,0,0,0.0,-0.20077642798423767,1.0846980810165405,0.20425157248973846,-0.9066475832000357,0.2,0.2,0.918388132750988,0.08161186724901204,0.918388132750988,0.08161186724901204,0.5,-2.3907893300056458,1.0,-0.2929275762324458,-0.9066475832000357,3.3101701287138874,1.0,-2.0,0
2025-12-18 12:33:10.715031,0.2,0.2,5866.6,504.1,11.6,7.6,3330.0,285.0,23.4,0.00,0.00,0.00,0.00,0,0,0,0,0,0,0,0,0,0,0,0,0,0,0,0,0.0,-0.08566555380821228,0.9698615670204163,0.2120199054479599,-0.5891440491823764,0.2,0.2,1.0,-0.02499999999999991,1.025,-0.02499999999999991,0.5,-3.0,1.0,-0.6311824675542806,-0.5891440491823764,3.1620796039933365,1.0,-2.0,0
2025-12-18 12:33:10.759548,0.2,0.2,6191.0,532.0,11.6,8.0,3330.5,285.0,23.4,0.00,0.00,0.00,0.00,0,0,0,0,0,0,0,0,0,0,0,0,0,0,0,0,0.0,-0.08566555380821228,0.9698615670204163,0.2120199054479599,-0.5891440491823764,0.2,0.2,1.0,-0.02499999999999991,1.025,-0.02499999999999991,0.5,-3.0,1.0,-0.6311824675542806,-0.5891440491823764,3.1620796039933365,1.0,-2.0,0
2025-12-18 12:33:10.818489,0.2,0.2,9811.0,844.0,11.6,12.7,3331.2,285.1,23.4,0.00,0.00,0.00,0.00,0,0,0,0,0,0,0,0,0,0,0,0,0,0,0,0,0.0,-0.08226960897445679,0.9680483341217041,0.21156716346740723,-0.5821854648460343,0.2,0.2,1.0,-0.02499999999999991,1.025,-0.02499999999999991,0.5,-3.0,1.0,-0.638953582763236,-0.5821854648460343,3.159211677015699,1.0,-2.0,0
2025-12-18 12:33:11.000260,0.2,0.2,10628.6,914.8,11.6,13.7,3331.8,285.1,23.4,0.00,0.00,0.00,0.00,0,0,0,0,0,0,0,0,0,0,0,0,0,0,0,0,0.0,-0.08226960897445679,0.9680483341217041,0.21156716346740723,-0.5821854648460343,0.2,0.2,1.0,-0.02499999999999991,1.025,-0.02499999999999991,0.5,-3.0,1.0,-0.638953582763236,-0.5821854648460343,3.159211677015699,1.0,-2.0,0
2025-12-18 12:33:11.031166,0.2,0.2,9554.5,822.0,11.6,12.3,3332.4,285.2,23.4,0.00,0.00,0.00,0.00,0,0,0,0,0,0,0,0,0,0,0,0,0,0,0,0,0.0,0.023225288838148117,0.9112447500228882,0.1999153345823288,-0.3278241603683756,0.2,0.2,1.0,-0.02499999999999991,1.025,-0.02499999999999991,0.5,-3.0,1.0,-0.9192567964896379,-0.3278241603683756,3.0707384829876263,1.0,-2.0,0
2025-12-18 12:33:11.062099,0.2,0.2,20885.9,1802.6,11.6,27.0,3333.5,285.3,23.4,0.00,0.00,0.00,0.00,0,0,0,0,0,0,0,0,0,0,0,0,0,0,0,0,0.0,0.023225288838148117,0.9112447500228882,0.1999153345823288,-0.3278241603683756,0.2,0.2,1.0,-0.02499999999999991,1.025,-0.02499999999999991,0.5,-3.0,1.0,-0.9192567964896379,-0.3278241603683756,3.0707384829876263,1.0,-2.0,0
2025-12-18 12:33:11.092452,0.2,0.2,12936.1,1114.0,11.6,16.7,3334.2,285.3,23.4,0.00,0.00,0.00,0.00,0,0,0,0,0,0,0,0,0,0,0,0,0,0,0,0,0.0,0.023225288838148117,0.9112447500228882,0.1999153345823288,-0.3278241603683756,0.2,0.2,1.0,-0.02499999999999991,1.025,-0.02499999999999991,0.5,-3.0,1.0,-0.9192567964896379,-0.3278241603683756,3.0707384829876263,1.0,-2.0,0
2025-12-18 12:33:11.124082,0.2,0.2,14049.1,1210.3,11.6,18.2,3335.0,285.4,23.4,0.00,0.00,0.00,0.00,0,0,0,0,0,0,0,0,0,0,0,0,0,0,0,0,0.0,0.024913636967539787,0.9109842777252197,0.19945211708545685,-0.3196920330874779,0.2,0.2,1.0,-0.02499999999999991,1.025,-0.02499999999999991,0.5,-3.0,1.0,-0.9278833289842661,-0.3196920330874779,3.0699548662049234,1.0,-2.0,0
2025-12-18 12:33:11.320878,0.2,0.2,13970.9,1203.3,11.6,18.0,3335.8,285.5,23.4,0.00,0.00,0.00,0.00,0,0,0,0,0,0,0,0,0,0,0,0,0,0,0,0,0.0,0.024913636967539787,0.9109842777252197,0.19945211708545685,-0.3196920330874779,0.2,0.2,1.0,-0.02499999999999991,1.025,-0.02499999999999991,0.5,-3.0,1.0,-0.9278833289842661,-0.3196920330874779,3.0699548662049234,1.0,-2.0,0
2025-12-18 12:33:11.351308,0.2,0.2,16077.6,1385.8,11.6,20.8,3336.8,285.6,23.4,0.00,0.00,0.00,0.00,0,0,0,0,0,0,0,0,0,0,0,0,0,0,0,0,0.0,0.024913636967539787,0.9109842777252197,0.19945211708545685,-0.3196920330874779,0.2,0.2,1.0,-0.02499999999999991,1.025,-0.02499999999999991,0.5,-3.0,1.0,-0.9278833289842661,-0.3196920330874779,3.0699548662049234,1.0,-2.0,0
2025-12-18 12:33:11.382575,0.2,0.2,16674.1,1437.8,11.6,21.6,3337.8,285.7,23.4,0.00,0.00,0.00,0.00,0,0,0,0,0,0,0,0,0,0,0,0,0,0,0,0,0.0,0.024913636967539787,0.9109842777252197,0.19945211708545685,-0.3196920330874779,0.2,0.2,1.0,-0.02499999999999991,1.025,-0.02499999999999991,0.5,-3.0,1.0,-0.9278833289842661,-0.3196920330874779,3.0699548662049234,1.0,-2.0,0
2025-12-18 12:33:11.413909,0.2,0.2,13636.2,1174.8,11.6,17.6,3338.6,285.7,23.4,0.00,0.00,0.00,0.00,0,0,0,0,0,0,0,0,0,0,0,0,0,0,0,0,0.0,0.024913636967539787,0.9109842777252197,0.19945211708545685,-0.3196920330874779,0.2,0.2,1.0,-0.02499999999999991,1.025,-0.02499999999999991,0.5,-3.0,1.0,-0.9278833289842661,-0.3196920330874779,3.0699548662049234,1.0,-2.0,0
2025-12-18 12:33:11.445295,0.2,0.2,17188.7,1482.1,11.6,22.2,3339.5,285.8,23.4,0.00,0.00,0.00,0.00,0,0,0,0,0,0,0,0,0,0,0,0,0,0,0,0,0.0,0.024913636967539787,0.9109842777252197,0.19945211708545685,-0.3196920330874779,0.2,0.2,1.0,-0.02499999999999991,1.025,-0.02499999999999991,0.5,-3.0,1.0,-0.9278833289842661,-0.3196920330874779,3.0699548662049234,1.0,-2.0,0
2025-12-18 12:33:11.532945,0.2,0.2,19339.9,1668.7,11.6,25.0,3340.6,285.9,23.4,0.00,0.00,0.00,0.00,0,0,0,0,0,0,0,0,0,0,0,0,0,0,0,0,0.0,0.18579529225826263,0.8691697120666504,0.21341976523399353,-0.2888762594564431,0.2,0.2,1.0,-0.02499999999999991,1.025,-0.02499999999999991,0.5,-3.0,1.0,-1.005412291063151,-0.2888762594564431,2.982459411752226,1.0,-2.0,0
2025-12-18 12:33:11.564223,0.2,0.2,20459.1,1887.7,11.6,26.5,3341.9,286.0,23.4,0.00,0.00,0.00,0.00,0,0,0,0,0,0,0,0,0,0,0,0,0,0,0,0,0.0,0.18579529225826263,0.8691697120666504,0.21341976523399353,-0.2888762594564431,0.2,0.2,1.0,-0.02499999999999991,1.025,-0.02499999999999991,0.5,-3.0,1.0,-1.005412291063151,-0.2888762594564431,2.982459411752226,1.0,-2.0,0
2025-12-18 12:33:11.594593,0.2,0.2,14153.5,1219.4,11.6,18.3,3342.8,286.1,23.4,0.00,0.00,0.00,0.00,0,0,0,0,0,0,0,0,0,0,0,0,0,0,0,0,0.0,0.18579529225826263,0.8691697120666504,0.21341976523399353,-0.2888762594564431,0.2,0.2,1.0,-0.02499999999999991,1.025,-0.02499999999999991,0.5,-3.0,1.0,-1.005412291063151,-0.2888762594564431,2.982459411752226,1.0,-2.0,0
2025-12-18 12:33:11.643001,0.2,0.2,13183.6,1135.6,11.6,17.0,3343.6,286.2,23.4,0.00,0.00,0.00,0.00,0,0,0,0,0,0,0,0,0,0,0,0,0,0,0,0,0.0,0.2620871067047119,0.8659899830818176,0.20594456791877747,-0.4735819990673086,0.2,0.2,1.0,-0.02499999999999991,1.025,-0.02499999999999991,0.5,-3.0,1.0,-0.8452154158181527,-0.4735819990673086,2.9594617789754847,1.0,-2.0,0
2025-12-18 12:33:11.739369,0.2,0.2,20852.1,1800.2,11.6,27.0,3344.8,286.3,23.4,0.00,0.00,0.00,0.00,0,0,0,0,0,0,0,0,0,0,0,0,0,0,0,0,0.0,0.2620871067047119,0.8659899830818176,0.20594456791877747,-0.4735819990673086,0.2,0.2,1.0,-0.02499999999999991,1.025,-0.02499999999999991,0.5,-3.0,1.0,-0.8452154158181527,-0.4735819990673086,2.9594617789754847,1.0,-2.0,0
2025-12-18 12:33:11.770644,0.2,0.2,16689.8,1439.2,11.6,21.6,3345.9,286.3,23.4,0.00,0.00,0.00,0.00,0,0,0,0,0,0,0,0,0,0,0,0,0,0,0,0,0.0,0.2620871067047119,0.8659899830818176,0.20594456791877747,-0.4735819990673086,0.2,0.2,1.0,-0.02499999999999991,1.025,-0.02499999999999991,0.5,-3.0,1.0,-0.8452154158181527,-0.4735819990673086,2.9594617789754847,1.0,-2.0,0
2025-12-18 12:33:11.943848,0.2,0.2,17525.5,1512.2,11.6,22.7,3346.9,286.4,23.4,0.00,0.00,0.00,0.00,0,0,0,0,0,0,0,0,0,0,0,0,0,0,0,0,0.0,0.2620871067047119,0.8659899830818176,0.20594456791877747,-0.4735819990673086,0.2,0.2,1.0,-0.02499999999999991,1.025,-0.02499999999999991,0.5,-3.0,1.0,-0.8452154158181527,-0.4735819990673086,2.9594617789754847,1.0,-2.0,0
2025-12-18 12:33:11.974477,0.2,0.2,11732.1,1010.3,11.6,15.2,3347.6,286.5,23.4,0.00,0.00,0.00,0.00,0,0,0,0,0,0,0,0,0,0,0,0,0,0,0,0,0.0,0.2620871067047119,0.8659899830818176,0.20594456791877747,-0.4735819990673086,0.2,0.2,1.0,-0.02499999999999991,1.025,-0.02499999999999991,0.5,-3.0,1.0,-0.8452154158181527,-0.4735819990673086,2.9594617789754847,1.0,-2.0,0
2025-12-18 12:33:12.005119,0.2,0.2,18448.8,1591.6,11.6,23.9,3348.6,286.6,23.4,0.00,0.00,0.00,0.00,0,0,0,0,0,0,0,0,0,0,0,0,0,0,0,0,0.0,0.2620871067047119,0.8659899830818176,0.20594456791877747,-0.4735819990673086,0.2,0.2,1.0,-0.02499999999999991,1.025,-0.02499999999999991,0.5,-3.0,1.0,-0.8452154158181527,-0.4735819990673086,2.9594617789754847,1.0,-2.0,0
2025-12-18 12:33:12.035749,0.2,0.2,15431.9,1330.5,11.6,20.0,3349.5,286.7,23.4,0.00,0.00,0.00,0.00,0,0,0,0,0,0,0,0,0,0,0,0,0,0,0,0,0.0,0.2620871067047119,0.8659899830818176,0.20594456791877747,-0.4735819990673086,0.2,0.2,1.0,-0.02499999999999991,1.025,-0.02499999999999991,0.5,-3.0,1.0,-0.8452154158181527,-0.4735819990673086,2.9594617789754847,1.0,-2.0,0
2025-12-18 12:33:12.073633,0.2,0.2,19467.1,1680.3,11.6,25.2,3350.6,286.8,23.4,0.00,0.00,0.00,0.00,0,0,0,0,0,0,0,0,0,0,0,0,0,0,0,0,0.0,0.2620871067047119,0.8659899830818176,0.20594456791877747,-0.4735819990673086,0.2,0.2,1.0,-0.02499999999999991,1.025,-0.02499999999999991,0.5,-3.0,1.0,-0.8452154158181527,-0.4735819990673086,2.9594617789754847,1.0,-2.0,0
2025-12-18 12:33:12.149523,0.2,0.2,12992.7,1119.5,11.6,16.8,3351.4,286.8,23.4,0.00,0.00,0.00,0.00,0,0,0,0,0,0,0,0,0,0,0,0,0,0,0,0,0.0,0.2620871067047119,0.8659899830818176,0.20594456791877747,-0.4735819990673086,0.2,0.2,1.0,-0.02499999999999991,1.025,-0.02499999999999991,0.5,-3.0,1.0,-0.8452154158181527,-0.4735819990673086,2.9594617789754847,1.0,-2.0,0
2025-12-18 12:33:12.180811,0.2,0.2,16408.0,1415.1,11.6,21.2,3352.3,286.9,23.4,0.00,0.00,0.00,0.00,0,0,0,0,0,0,0,0,0,0,0,0,0,0,0,0,0.0,0.3294486403465271,0.8697389364242554,0.21264611184597015,-0.7566669931582545,0.2,0.2,1.0,-0.02499999999999991,1.025,-0.02499999999999991,0.5,-3.0,1.0,-0.5845849267945198,-0.7566669931582545,2.947039309063002,1.0,-2.0,0
2025-12-18 12:33:12.250996,0.2,0.2,11948.9,1029.0,11.6,15.4,3353.0,287.0,23.4,0.00,0.00,0.00,0.00,0,0,0,0,0,0,0,0,0,0,0,0,0,0,0,0,0.0,0.3294486403465271,0.8697389364242554,0.21264611184597015,-0.7566669931582545,0.2,0.2,1.0,-0.02499999999999991,1.025,-0.02499999999999991,0.5,-3.0,1.0,-0.5845849267945198,-0.7566669931582545,2.947039309063002,1.0,-2.0,0
2025-12-18 12:33:12.288196,0.2,0.2,16254.5,1401.5,11.6,21.0,3353.9,287.0,23.4,0.00,0.00,0.00,0.00,0,0,0,0,0,0,0,0,0,0,0,0,0,0,0,0,0.0,0.3294486403465271,0.8697389364242554,0.21264611184597015,-0.7566669931582545,0.2,0.2,1.0,-0.02499999999999991,1.025,-0.02499999999999991,0.5,-3.0,1.0,-0.5845849267945198,-0.7566669931582545,2.947039309063002,1.0,-2.0,0
2025-12-18 12:33:12.353493,0.2,0.2,14360.3,1237.9,11.6,18.6,3354.8,287.1,23.4,0.00,0.00,0.00,0.00,0,0,0,0,0,0,0,0,0,0,0,0,0,0,0,0,0.0,0.3294486403465271,0.8697389364242554,0.21264611184597015,-0.7566669931582545,0.2,0.2,1.0,-0.02499999999999991,1.025,-0.02499999999999991,0.5,-3.0,1.0,-0.5845849267945198,-0.7566669931582545,2.947039309063002,1.0,-2.0,0
2025-12-18 12:33:12.563659,0.2,0.2,12041.3,1037.2,11.6,15.6,3355.7,287.2,23.4,0.00,0.00,0.00,0.00,0,0,0,0,0,0,0,0,0,0,0,0,0,0,0,0,0.0,0.3592759966850281,0.8817972540855408,0.20698986947536469,-0.9810743107975914,0.2,0.2,1.0,-0.02499999999999991,1.025,-0.02499999999999991,0.5,-3.0,1.0,-0.37094573078587034,-0.9810743107975914,2.952165757893504,1.0,-2.0,0
2025-12-18 12:33:12.594946,0.2,0.2,12418.1,1069.5,11.6,16.0,3356.4,287.3,23.4,0.00,0.00,0.00,0.00,0,0,0,0,0,0,0,0,0,0,0,0,0,0,0,0,0.0,0.3592759966850281,0.8817972540855408,0.20698986947536469,-0.9810743107975914,0.2,0.2,1.0,-0.02499999999999991,1.025,-0.02499999999999991,0.5,-3.0,1.0,-0.37094573078587034,-0.9810743107975914,2.952165757893504,1.0,-2.0,0
2025-12-18 12:33:12.626163,0.2,0.2,18167.7,1567.4,11.6,23.5,3357.4,287.3,23.4,0.00,0.00,0.00,0.00,0,0,0,0,0,0,0,0,0,0,0,0,0,0,0,0,0.0,0.3592759966850281,0.8817972540855408,0.20698986947536469,-0.9810743107975914,0.2,0.2,1.0,-0.02499999999999991,1.025,-0.02499999999999991,0.5,-3.0,1.0,-0.37094573078587034,-0.9810743107975914,2.952165757893504,1.0,-2.0,0
2025-12-18 12:33:12.657445,0.2,0.2,20672.1,1785.1,11.6,26.8,3358.4,287.4,23.4,0.00,0.00,0.00,0.00,0,0,0,0,0,0,0,0,0,0,0,0,0,0,0,0,0.0,0.3592759966850281,0.8817972540855408,0.20698986947536469,-0.9810743107975914,0.2,0.2,1.0,-0.02499999999999991,1.025,-0.02499999999999991,0.5,-3.0,1.0,-0.37094573078587034,-0.9810743107975914,2.952165757893504,1.0,-2.0,0
