timestamp,x,y,z,q_x,q_y,q_z,q_w,heading,raw_message
2025-12-12 12:36:14.428137,-0.13138896226882935,2.465517282485962,0.21769388020038605,0.0167315024882555,0.021376285701990128,0.29551997780799866,-0.9549508094787598,-0.5997366575351321,"1765539374.4246,-0.13138896226882935,2.465517282485962,0.21769388020038605,0.0167315024882555,0.021376285701990128,0.29551997780799866,-0.9549508094787598"
2025-12-12 12:36:14.613325,-0.13096097111701965,2.464977264404297,0.21748992800712585,0.018824448809027672,0.022692957893013954,0.2920568585395813,-0.9559464454650879,-0.5923995529724584,"1765539374.4285705,-0.13096097111701965,2.464977264404297,0.21748992800712585,0.018824448809027672,0.022692957893013954,0.2920568585395813,-0.9559464454650879"
2025-12-12 12:36:14.718471,-0.12997885048389435,2.4569907188415527,0.2120482176542282,0.014412324875593185,0.01473416667431593,0.2851078510284424,-0.9582738876342773,-0.5780135958838878,"1765539374.4456768,-0.12997885048389435,2.4569907188415527,0.2120482176542282,0.014412324875593185,0.01473416667431593,0.2851078510284424,-0.9582738876342773"
2025-12-12 12:36:14.823634,-0.1301967203617096,2.455981969833374,0.21083727478981018,0.014986460097134113,0.015343120321631432,0.2824370861053467,-0.9590461254119873,-0.5724220125777698,"1765539374.4498172,-0.1301967203617096,2.455981969833374,0.21083727478981018,0.014986460097134113,0.015343120321631432,0.2824370861053467,-0.9590461254119873"
2025-12-12 12:36:14.929426,-0.13014762103557587,2.454840898513794,0.20967911183834076,0.013933220878243446,0.014552116394042969,0.2797154188156128,-0.9598715305328369,-0.5667808764314451,"1765539374.4538796,-0.13014762103557587,2.454840898513794,0.20967911183834076,0.013933220878243446,0.014552116394042969,0.2797154188156128,-0.9598715305328369"
2025-12-12 12:36:15.034727,-0.13002459704875946,2.454118013381958,0.20864337682724,0.013623294420540333,0.013365506194531918,0.2761588394641876,-0.9609225988388062,-0.559382705804955,"1765539374.457872,-0.13002459704875946,2.454118013381958,0.20864337682724,0.013623294420540333,0.013365506194531918,0.2761588394641876,-0.9609225988388062"
2025-12-12 12:36:15.137912,-0.13009078800678253,2.453941822052002,0.20814275741577148,0.011817848309874535,0.01146875973790884,0.27219608426094055,-0.9621008634567261,-0.5511905872787787,"1765539374.4626172,-0.13009078800678253,2.453941822052002,0.20814275741577148,0.011817848309874535,0.01146875973790884,0.27219608426094055,-0.9621008634567261"
2025-12-12 12:36:15.238369,-0.1304776966571808,2.455575704574585,0.21288026869297028,0.01809839904308319,0.020815927535295486,0.2667800784111023,-0.9633626937866211,-0.5397192406048245,"1765539374.466752,-0.1304776966571808,2.455575704574585,0.21288026869297028,0.01809839904308319,0.020815927535295486,0.2667800784111023,-0.9633626937866211"
2025-12-12 12:36:15.343516,-0.13189512491226196,2.458667039871216,0.21899837255477905,0.025082584470510483,0.03393175080418587,0.26013311743736267,-0.9646503925323486,-0.5255879017948363,"1765539374.4705777,-0.13189512491226196,2.458667039871216,0.21899837255477905,0.025082584470510483,0.03393175080418587,0.26013311743736267,-0.9646503925323486"
2025-12-12 12:36:15.445141,-0.1303327977657318,2.454000473022461,0.20861558616161346,0.026020055636763573,0.017462529242038727,0.2606492340564728,-0.9649249315261841,-0.5266809919231799,"1765539374.4749563,-0.1303327977657318,2.454000473022461,0.20861558616161346,0.026020055636763573,0.017462529242038727,0.2606492340564728,-0.9649249315261841"
2025-12-12 12:36:15.550123,-0.13060253858566284,2.452256679534912,0.20818571746349335,0.017550108954310417,0.021506357938051224,0.256989061832428,-0.966015636920929,-0.519436652512634,"1765539374.4787698,-0.13060253858566284,2.452256679534912,0.20818571746349335,0.017550108954310417,0.021506357938051224,0.256989061832428,-0.966015636920929"
2025-12-12 12:36:15.655383,-0.12958458065986633,2.453383445739746,0.2122803032398224,0.031193755567073822,0.025960002094507217,0.25298944115638733,-0.9666175842285156,-0.5104073457940494,"1765539374.4828866,-0.12958458065986633,2.453383445739746,0.2122803032398224,0.031193755567073822,0.025960002094507217,0.25298944115638733,-0.9666175842285156"
2025-12-12 12:36:15.760474,-0.12852460145950317,2.454728841781616,0.2150939404964447,0.03984609618782997,0.029906202107667923,0.2490093857049942,-0.967218816280365,-0.5015248104989843,"1765539374.4872122,-0.12852460145950317,2.454728841781616,0.2150939404964447,0.03984609618782997,0.029906202107667923,0.2490093857049942,-0.967218816280365"
2025-12-12 12:36:15.861934,-0.12813541293144226,2.4542131423950195,0.21785317361354828,0.03921958804130554,0.03179638832807541,0.2458644062280655,-0.9679884314537048,-0.4950192604442404,"1765539374.4913368,-0.12813541293144226,2.4542131423950195,0.21785317361354828,0.03921958804130554,0.03179638832807541,0.2458644062280655,-0.9679884314537048"
2025-12-12 12:36:15.967131,-0.12737078964710236,2.453481674194336,0.21677429974079132,0.04235367849469185,0.02941453643143177,0.24307942390441895,-0.9686347842216492,-0.4891033577990988,"1765539374.4959257,-0.12737078964710236,2.453481674194336,0.21677429974079132,0.04235367849469185,0.02941453643143177,0.24307942390441895,-0.9686347842216492"
2025-12-12 12:36:16.072042,-0.12735331058502197,2.4503819942474365,0.20679038763046265,0.038272690027952194,0.010128486901521683,0.24197790026664734,-0.9694737195968628,-0.48787353428895314,"1765539374.5002415,-0.12735331058502197,2.4503819942474365,0.20679038763046265,0.038272690027952194,0.010128486901521683,0.24197790026664734,-0.9694737195968628"
2025-12-12 12:36:16.177200,-0.12920033931732178,2.4490931034088135,0.2026883363723755,0.03761535882949829,0.005488312803208828,0.24094189703464508,-0.9697948098182678,-0.4860181912276426,"1765539374.5040371,-0.12920033931732178,2.4490931034088135,0.2026883363723755,0.03761535882949829,0.005488312803208828,0.24094189703464508,-0.9697948098182678"
2025-12-12 12:36:16.277723,-0.13033783435821533,2.4489476680755615,0.19177845120429993,0.06061037629842758,0.01613612100481987,0.23443686962127686,-0.9701058864593506,-0.4709253477747016,"1765539374.5162704,-0.13033783435821533,2.4489476680755615,0.19177845120429993,0.06061037629842758,0.01613612100481987,0.23443686962127686,-0.9701058864593506"
2025-12-12 12:36:16.379656,-0.1235920786857605,2.443910598754883,0.19525453448295593,0.08038976043462753,0.013333243317902088,0.20977815985679626,-0.9743474125862122,-0.4195798326207956,"1765539374.5455403,-0.1235920786857605,2.443910598754883,0.19525453448295593,0.08038976043462753,0.013333243317902088,0.20977815985679626,-0.9743474125862122"
2025-12-12 12:36:16.484827,-0.1299663484096527,2.4489409923553467,0.19622357189655304,0.051408786326646805,0.0017464333213865757,0.2350362092256546,-0.9706246256828308,-0.4737849293578218,"1765539374.5121434,-0.1299663484096527,2.4489409923553467,0.19622357189655304,0.051408786326646805,0.0017464333213865757,0.2350362092256546,-0.9706246256828308"
2025-12-12 12:36:16.587966,-0.1308567225933075,2.448880434036255,0.1943482607603073,0.06831684708595276,0.009239915758371353,0.22498957812786102,-0.9719194173812866,-0.45181494123780963,"1765539374.525173,-0.1308567225933075,2.448880434036255,0.1943482607603073,0.06831684708595276,0.009239915758371353,0.22498957812786102,-0.9719194173812866"
2025-12-12 12:36:16.689596,-0.12299293279647827,2.44217848777771,0.19479666650295258,0.07609152048826218,0.012126469984650612,0.20804451406002045,-0.9750798344612122,-0.41642520055974047,"1765539374.549675,-0.12299293279647827,2.44217848777771,0.19479666650295258,0.07609152048826218,0.012126469984650612,0.20804451406002045,-0.9750798344612122"
2025-12-12 12:36:16.789763,-0.12299293279647827,2.44217848777771,0.19479666650295258,0.07609152048826218,0.012126469984650612,0.20804451406002045,-0.9750798344612122,-0.41642520055974047,"1765539374.549675,-0.12299293279647827,2.44217848777771,0.19479666650295258,0.07609152048826218,0.012126469984650612,0.20804451406002045,-0.9750798344612122"
2025-12-12 12:36:16.892749,-0.12303688377141953,2.4402942657470703,0.19555485248565674,0.06847317516803741,0.00856334250420332,0.20492784678936005,-0.9763415455818176,-0.4108482745517987,"1765539374.5538094,-0.12303688377141953,2.4402942657470703,0.19555485248565674,0.06847317516803741,0.00856334250420332,0.20492784678936005,-0.9763415455818176"
2025-12-12 12:36:16.996947,-0.12352956086397171,2.439117431640625,0.19912189245224,0.044659167528152466,-0.0004978072829544544,0.19943182170391083,-0.9788934588432312,-0.40122335982788476,"1765539374.5582623,-0.12352956086397171,2.439117431640625,0.19912189245224,0.044659167528152466,-0.0004978072829544544,0.19943182170391083,-0.9788934588432312"
2025-12-12 12:36:17.102000,-0.12091472744941711,2.4368762969970703,0.20084093511104584,0.041511811316013336,-0.003790157614275813,0.19594569504261017,-0.9797284007072449,-0.3944243651039407,"1765539374.5630152,-0.12091472744941711,2.4368762969970703,0.20084093511104584,0.041511811316013336,-0.003790157614275813,0.19594569504261017,-0.9797284007072449"
2025-12-12 12:36:17.202060,-0.11979562044143677,2.4349136352539062,0.20385313034057617,0.03771872818470001,-0.0027483636513352394,0.19254373013973236,-0.9805593490600586,-0.3874451842243505,"1765539374.5667026,-0.11979562044143677,2.4349136352539062,0.20385313034057617,0.03771872818470001,-0.0027483636513352394,0.19254373013973236,-0.9805593490600586"
2025-12-12 12:36:17.303392,-0.11917884647846222,2.4334566593170166,0.20787371695041656,0.0324200801551342,0.005054852459579706,0.18944185972213745,-0.9813435673713684,-0.38070916855152664,"1765539374.570673,-0.11917884647846222,2.4334566593170166,0.20787371695041656,0.0324200801551342,0.005054852459579706,0.18944185972213745,-0.9813435673713684"
2025-12-12 12:36:17.408079,-0.11821375042200089,2.4325287342071533,0.21028947830200195,0.029991427436470985,0.012157650664448738,0.18690133094787598,-0.9818455576896667,-0.3752583106325229,"1765539374.5747721,-0.11821375042200089,2.4325287342071533,0.21028947830200195,0.029991427436470985,0.012157650664448738,0.18690133094787598,-0.9818455576896667"
2025-12-12 12:36:17.512489,-0.11775095760822296,2.4306821823120117,0.21234488487243652,0.02306799404323101,0.01410670205950737,0.18443499505519867,-0.9824727773666382,-0.370403420159595,"1765539374.5788953,-0.11775095760822296,2.4306821823120117,0.21234488487243652,0.02306799404323101,0.01410670205950737,0.18443499505519867,-0.9824727773666382"
2025-12-12 12:36:17.617652,-0.11658730357885361,2.4287030696868896,0.21200934052467346,0.01642865128815174,0.012722821906208992,0.1823224276304245,-0.9830191731452942,-0.36634680658045793,"1765539374.5836263,-0.11658730357885361,2.4287030696868896,0.21200934052467346,0.01642865128815174,0.012722821906208992,0.1823224276304245,-0.9830191731452942"
2025-12-12 12:36:17.722734,-0.11671812832355499,2.428483486175537,0.21604567766189575,0.013549530878663063,0.02075202763080597,0.178925022482872,-0.983550488948822,-0.359459435474711,"1765539374.587717,-0.11671812832355499,2.428483486175537,0.21604567766189575,0.013549530878663063,0.02075202763080597,0.178925022482872,-0.983550488948822"
2025-12-12 12:36:17.822873,-0.1155061349272728,2.42683482170105,0.21264126896858215,0.011455768719315529,0.014139034785330296,0.1766718327999115,-0.9841016530990601,-0.35498763094312374,"1765539374.5916867,-0.1155061349272728,2.42683482170105,0.21264126896858215,0.011455768719315529,0.014139034785330296,0.1766718327999115,-0.9841016530990601"
2025-12-12 12:36:17.927927,-0.11465597152709961,2.425136089324951,0.2107967734336853,0.010084956884384155,0.008045099675655365,0.1745048314332962,-0.9845718741416931,-0.3506701190359313,"1765539374.5955043,-0.11465597152709961,2.425136089324951,0.2107967734336853,0.010084956884384155,0.008045099675655365,0.1745048314332962,-0.9845718741416931"
2025-12-12 12:36:18.027998,-0.1139325499534607,2.422907829284668,0.208890900015831,0.007846307940781116,0.0006323467241600156,0.17306651175022125,-0.9848787784576416,-0.3478653727153516,"1765539374.5999384,-0.1139325499534607,2.422907829284668,0.208890900015831,0.007846307940781116,0.0006323467241600156,0.17306651175022125,-0.9848787784576416"
2025-12-12 12:36:18.131325,-0.11357607692480087,2.4206268787384033,0.2080862671136856,0.005688170436769724,-0.004922778345644474,0.1717875599861145,-0.9851053357124329,-0.345347667166043,"1765539374.6039288,-0.11357607692480087,2.4206268787384033,0.2080862671136856,0.005688170436769724,-0.004922778345644474,0.1717875599861145,-0.9851053357124329"
2025-12-12 12:36:18.236362,-0.11359992623329163,2.4178524017333984,0.20948578417301178,0.005324552766978741,-0.004974963143467903,0.1663508266210556,-0.9860396981239319,-0.3343133583573984,"1765539374.6120062,-0.11359992623329163,2.4178524017333984,0.20948578417301178,0.005324552766978741,-0.004974963143467903,0.1663508266210556,-0.9860396981239319"
2025-12-12 12:36:18.336414,-0.11326703429222107,2.4204213619232178,0.21904388070106506,0.007025326136499643,0.014368576928973198,0.15182718634605408,-0.9882776737213135,-0.3047270808297561,"1765539374.6250045,-0.11326703429222107,2.4204213619232178,0.21904388070106506,0.007025326136499643,0.014368576928973198,0.15182718634605408,-0.9882776737213135"
2025-12-12 12:36:18.436464,-0.11117453128099442,2.412224292755127,0.21091687679290771,0.0037169705610722303,0.003721567802131176,0.14040488004684448,-0.9900801777839661,-0.28171801809779456,"1765539374.64539,-0.11117453128099442,2.412224292755127,0.21091687679290771,0.0037169705610722303,0.003721567802131176,0.14040488004684448,-0.9900801777839661"
2025-12-12 12:36:18.537327,-0.11117453128099442,2.412224292755127,0.21091687679290771,0.0037169705610722303,0.003721567802131176,0.14040488004684448,-0.9900801777839661,-0.28171801809779456,"1765539374.64539,-0.11117453128099442,2.412224292755127,0.21091687679290771,0.0037169705610722303,0.003721567802131176,0.14040488004684448,-0.9900801777839661"
2025-12-12 12:36:18.637495,-0.11135438829660416,2.4107704162597656,0.2083892822265625,-0.00019800441805273294,0.0009779279353097081,0.13781367242336273,-0.9904577136039734,-0.2765081404314033,"1765539374.6507566,-0.11135438829660416,2.4107704162597656,0.2083892822265625,-0.00019800441805273294,0.0009779279353097081,0.13781367242336273,-0.9904577136039734"
2025-12-12 12:36:18.742557,-0.11068525165319443,2.409430742263794,0.20835186541080475,0.0017663899343460798,0.002359062200412154,0.13484260439872742,-0.9908626079559326,-0.2705030227221432,"1765539374.6541417,-0.11068525165319443,2.409430742263794,0.20835186541080475,0.0017663899343460798,0.002359062200412154,0.13484260439872742,-0.9908626079559326"
2025-12-12 12:36:18.847795,-0.11024733632802963,2.4085276126861572,0.20861898362636566,0.0018196136225014925,0.004700183402746916,0.13106997311115265,-0.9913603663444519,-0.2628881101164326,"1765539374.6581244,-0.11024733632802963,2.4085276126861572,0.20861898362636566,0.0018196136225014925,0.004700183402746916,0.13106997311115265,-0.9913603663444519"
2025-12-12 12:36:18.948365,-0.10987486690282822,2.408025026321411,0.2093697041273117,0.0031395028345286846,0.0070442515425384045,0.12730109691619873,-0.9918341636657715,-0.25526980209041306,"1765539374.6622643,-0.10987486690282822,2.408025026321411,0.2093697041273117,0.0031395028345286846,0.0070442515425384045,0.12730109691619873,-0.9918341636657715"
2025-12-12 12:36:19.053434,-0.10939125716686249,2.407691478729248,0.20973414182662964,0.004061228130012751,0.008105874061584473,0.12355123460292816,-0.9922968149185181,-0.24769396794164883,"1765539374.666568,-0.10939125716686249,2.407691478729248,0.20973414182662964,0.004061228130012751,0.008105874061584473,0.12355123460292816,-0.9922968149185181"
2025-12-12 12:36:19.157399,-0.10911455005407333,2.4078054428100586,0.21252109110355377,0.011705910786986351,0.013921626843512058,0.12018583714962006,-0.9925848245620728,-0.24069112430353712,"1765539374.6704068,-0.10911455005407333,2.4078054428100586,0.21252109110355377,0.011705910786986351,0.013921626843512058,0.12018583714962006,-0.9925848245620728"
2025-12-12 12:36:19.261770,-0.10914646089076996,2.4080491065979004,0.21589601039886475,0.011297300457954407,0.019504457712173462,0.11599864065647125,-0.9929936528205872,-0.23220922861936052,"1765539374.6745398,-0.10914646089076996,2.4080491065979004,0.21589601039886475,0.011297300457954407,0.019504457712173462,0.11599864065647125,-0.9929936528205872"
2025-12-12 12:36:19.366834,-0.1084444671869278,2.4078261852264404,0.21452803909778595,0.011502654291689396,0.016607463359832764,0.11249576508998871,-0.9934468865394592,-0.22517452851571088,"1765539374.678807,-0.1084444671869278,2.4078261852264404,0.21452803909778595,0.011502654291689396,0.016607463359832764,0.11249576508998871,-0.9934468865394592"
2025-12-12 12:36:19.469571,-0.10779939591884613,2.407504081726074,0.21235546469688416,0.013828144408762455,0.011332359164953232,0.10996764898300171,-0.9937743544578552,-0.2200967128732924,"1765539374.6837246,-0.10779939591884613,2.407504081726074,0.21235546469688416,0.013828144408762455,0.011332359164953232,0.10996764898300171,-0.9937743544578552"
2025-12-12 12:36:19.569603,-0.1074034795165062,2.4072320461273193,0.21190841495990753,0.017234986647963524,0.011253840290009975,0.1076774150133133,-0.9939728379249573,-0.21540353399025813,"1765539374.68785,-0.1074034795165062,2.4072320461273193,0.21190841495990753,0.017234986647963524,0.011253840290009975,0.1076774150133133,-0.9939728379249573"
2025-12-12 12:36:19.674653,-0.10744699090719223,2.4073524475097656,0.21143749356269836,0.019829122349619865,0.012377217411994934,0.10438287258148193,-0.9942625164985657,-0.20867389192086364,"1765539374.6915133,-0.10744699090719223,2.4073524475097656,0.21143749356269836,0.019829122349619865,0.012377217411994934,0.10438287258148193,-0.9942625164985657"
2025-12-12 12:36:19.777169,-0.10699471831321716,2.4077634811401367,0.21101422607898712,0.022391121834516525,0.012695224024355412,0.09995188564062119,-0.9946593046188354,-0.19967960335992654,"1765539374.695681,-0.10699471831321716,2.4077634811401367,0.21101422607898712,0.022391121834516525,0.012695224024355412,0.09995188564062119,-0.9946593046188354"
2025-12-12 12:36:19.877735,-0.10819070041179657,2.4061989784240723,0.21160414814949036,0.021210920065641403,0.012949634343385696,0.09818221628665924,-0.9948580861091614,-0.19614806725013662,"1765539374.700128,-0.10819070041179657,2.4061989784240723,0.21160414814949036,0.021210920065641403,0.012949634343385696,0.09818221628665924,-0.9948580861091614"
2025-12-12 12:36:19.977780,-0.10684039443731308,2.4065215587615967,0.21363496780395508,0.02445894479751587,0.014033808372914791,0.09344267100095749,-0.9952252507209778,-0.1864834602562392,"1765539374.7038157,-0.10684039443731308,2.4065215587615967,0.21363496780395508,0.02445894479751587,0.014033808372914791,0.09344267100095749,-0.9952252507209778"
2025-12-12 12:36:20.082516,-0.10545752942562103,2.4067392349243164,0.21665866672992706,0.026552775874733925,0.017952606081962585,0.08666282892227173,-0.9957219362258911,-0.17262679591046076,"1765539374.7125347,-0.10545752942562103,2.4067392349243164,0.21665866672992706,0.026552775874733925,0.017952606081962585,0.08666282892227173,-0.9957219362258911"
2025-12-12 12:36:20.184523,-0.1043228805065155,2.406636953353882,0.2149442583322525,0.0477558858692646,0.01841144636273384,0.07796178013086319,-0.9956417083740234,-0.1542459212301909,"1765539374.724872,-0.1043228805065155,2.406636953353882,0.2149442583322525,0.0477558858692646,0.01841144636273384,0.07796178013086319,-0.9956417083740234"
2025-12-12 12:36:20.284934,-0.09993643313646317,2.403639793395996,0.21228496730327606,0.05704469606280327,0.014963233843445778,0.06601157039403915,-0.9960744976997375,-0.13025634485271492,"1765539374.7459965,-0.09993643313646317,2.403639793395996,0.21228496730327606,0.05704469606280327,0.014963233843445778,0.06601157039403915,-0.9960744976997375"
2025-12-12 12:36:20.388925,-0.09927233308553696,2.4021060466766357,0.21345077455043793,0.0529620535671711,0.009413985535502434,0.06216519698500633,-0.9966152310371399,-0.12326381278533571,"1765539374.7499735,-0.09927233308553696,2.4021060466766357,0.21345077455043793,0.0529620535671711,0.009413985535502434,0.06216519698500633,-0.9966152310371399"
2025-12-12 12:36:20.491536,-0.09927233308553696,2.4021060466766357,0.21345077455043793,0.0529620535671711,0.009413985535502434,0.06216519698500633,-0.9966152310371399,-0.12326381278533571,"1765539374.7499735,-0.09927233308553696,2.4021060466766357,0.21345077455043793,0.0529620535671711,0.009413985535502434,0.06216519698500633,-0.9966152310371399"
2025-12-12 12:36:20.591662,-0.09796652942895889,2.400301456451416,0.21449361741542816,0.04945066198706627,0.007133398670703173,0.05878748744726181,-0.9970195293426514,-0.11680788551759538,"1765539374.7540095,-0.09796652942895889,2.400301456451416,0.21449361741542816,0.04945066198706627,0.007133398670703173,0.05878748744726181,-0.9970195293426514"
2025-12-12 12:36:20.696548,-0.09708983451128006,2.3991153240203857,0.21534334123134613,0.045134805142879486,0.007616432849317789,0.05606482923030853,-0.997377336025238,-0.11140112783089257,"1765539374.758157,-0.09708983451128006,2.3991153240203857,0.21534334123134613,0.045134805142879486,0.007616432849317789,0.05606482923030853,-0.997377336025238"
2025-12-12 12:36:20.799468,-0.09616957604885101,2.398413896560669,0.21453769505023956,0.03991487994790077,0.004882785491645336,0.05360076203942299,-0.9977524876594543,-0.10678409956857463,"1765539374.7621603,-0.09616957604885101,2.398413896560669,0.21453769505023956,0.03991487994790077,0.004882785491645336,0.05360076203942299,-0.9977524876594543"
2025-12-12 12:36:20.901740,-0.09491533041000366,2.3968255519866943,0.21412648260593414,0.03257143869996071,0.0038475512992590666,0.04805262014269829,-0.9983062744140625,-0.09584408910033426,"1765539374.7705567,-0.09491533041000366,2.3968255519866943,0.21412648260593414,0.03257143869996071,0.0038475512992590666,0.04805262014269829,-0.9983062744140625"
2025-12-12 12:36:21.005390,-0.09454646706581116,2.3962621688842773,0.2160239964723587,0.030233880504965782,0.007809797301888466,0.0442892462015152,-0.9985306859016418,-0.08810473638357491,"1765539374.7751083,-0.09454646706581116,2.3962621688842773,0.2160239964723587,0.030233880504965782,0.007809797301888466,0.0442892462015152,-0.9985306859016418"
2025-12-12 12:36:21.108301,-0.0928645133972168,2.3932371139526367,0.20737262070178986,0.026324709877371788,-0.00480918912217021,0.04374297708272934,-0.9986844062805176,-0.0877389231775423,"1765539374.7789629,-0.0928645133972168,2.3932371139526367,0.20737262070178986,0.026324709877371788,-0.00480918912217021,0.04374297708272934,-0.9986844062805176"
2025-12-12 12:36:21.211200,-0.09200845658779144,2.391167402267456,0.203391894698143,0.02312120422720909,-0.01053582038730383,0.042535074055194855,-0.9987719058990479,-0.08557283165101473,"1765539374.7833881,-0.09200845658779144,2.391167402267456,0.203391894698143,0.02312120422720909,-0.01053582038730383,0.042535074055194855,-0.9987719058990479"
2025-12-12 12:36:21.311808,-0.09129193425178528,2.389500617980957,0.2014908492565155,0.019622143357992172,-0.01335887797176838,0.04096450284123421,-0.9988785982131958,-0.08248079426577838,"1765539374.787204,-0.09129193425178528,2.389500617980957,0.2014908492565155,0.019622143357992172,-0.01335887797176838,0.04096450284123421,-0.9988785982131958"
2025-12-12 12:36:21.416351,-0.09106773138046265,2.387507200241089,0.19794738292694092,0.013513680547475815,-0.019300375133752823,0.040407828986644745,-0.9989054799079895,-0.08139577604673777,"1765539374.791478,-0.09106773138046265,2.387507200241089,0.19794738292694092,0.013513680547475815,-0.019300375133752823,0.040407828986644745,-0.9989054799079895"
2025-12-12 12:36:21.518029,-0.09048109501600266,2.3863399028778076,0.19641613960266113,0.010451500304043293,-0.02104916423559189,0.03827648237347603,-0.9989907741546631,-0.07705747327202742,"1765539374.7954123,-0.09048109501600266,2.3863399028778076,0.19641613960266113,0.010451500304043293,-0.02104916423559189,0.03827648237347603,-0.9989907741546631"
2025-12-12 12:36:21.623067,-0.08981947600841522,2.3848013877868652,0.19526557624340057,0.007511780131608248,-0.023305479437112808,0.035888005048036575,-0.999055802822113,-0.07219752708463932,"1765539374.7995756,-0.08981947600841522,2.3848013877868652,0.19526557624340057,0.007511780131608248,-0.023305479437112808,0.035888005048036575,-0.999055802822113"
2025-12-12 12:36:21.723159,-0.08906339108943939,2.382167339324951,0.1943836212158203,0.00401708297431469,-0.025143489241600037,0.03458236902952194,-0.9990774989128113,-0.0694454075645004,"1765539374.8040142,-0.08906339108943939,2.382167339324951,0.1943836212158203,0.00401708297431469,-0.025143489241600037,0.03458236902952194,-0.9990774989128113"
2025-12-12 12:36:21.824698,-0.08820837736129761,2.37786602973938,0.19213297963142395,-0.0007067174301482737,-0.027141395956277847,0.03256574645638466,-0.9991007447242737,-0.06517671435668615,"1765539374.8125815,-0.08820837736129761,2.37786602973938,0.19213297963142395,-0.0007067174301482737,-0.027141395956277847,0.03256574645638466,-0.9991007447242737"
2025-12-12 12:36:21.926814,-0.085555300116539,2.3740358352661133,0.1872197687625885,-0.021032804623246193,-0.018127936869859695,0.004221797920763493,-0.9996055364608765,-0.007682874776063355,"1765539374.8458147,-0.085555300116539,2.3740358352661133,0.1872197687625885,-0.021032804623246193,-0.018127936869859695,0.004221797920763493,-0.9996055364608765"
2025-12-12 12:36:22.029134,-0.08612745255231857,2.374774932861328,0.187301903963089,-0.022129179909825325,-0.014950941316783428,-5.529960253625177e-05,-0.9996433854103088,0.0007726091589364074,"1765539374.8499403,-0.08612745255231857,2.374774932861328,0.187301903963089,-0.022129179909825325,-0.014950941316783428,-5.529960253625177e-05,-0.9996433854103088"
2025-12-12 12:36:22.129535,-0.08612745255231857,2.374774932861328,0.187301903963089,-0.022129179909825325,-0.014950941316783428,-5.529960253625177e-05,-0.9996433854103088,0.0007726091589364074,"1765539374.8499403,-0.08612745255231857,2.374774932861328,0.187301903963089,-0.022129179909825325,-0.014950941316783428,-5.529960253625177e-05,-0.9996433854103088"
2025-12-12 12:36:22.234597,-0.08649855852127075,2.3759307861328125,0.18806137144565582,-0.011693130247294903,-0.024388512596488,0.022432932630181313,-0.999382495880127,-0.044336160225768355,"1765539374.8246312,-0.08649855852127075,2.3759307861328125,0.18806137144565582,-0.011693130247294903,-0.024388512596488,0.022432932630181313,-0.999382495880127"
2025-12-12 12:36:22.336075,-0.08615230768918991,2.375152349472046,0.18768703937530518,-0.018480591475963593,-0.013627810403704643,-0.0034689747262746096,-0.9997303485870361,0.007442584806698698,"1765539374.8539906,-0.08615230768918991,2.375152349472046,0.18768703937530518,-0.018480591475963593,-0.013627810403704643,-0.0034689747262746096,-0.9997303485870361"
2025-12-12 12:36:22.437858,-0.08564778417348862,2.3757619857788086,0.1871761977672577,-0.01835312508046627,-0.01132763922214508,-0.007855565287172794,-0.9997366070747375,0.016127518953423334,"1765539374.858002,-0.08564778417348862,2.3757619857788086,0.1871761977672577,-0.01835312508046627,-0.01132763922214508,-0.007855565287172794,-0.9997366070747375"
2025-12-12 12:36:22.542922,-0.08610547333955765,2.375767230987549,0.18789921700954437,-0.008767319843173027,-0.007239073049277067,-0.006642000749707222,-0.9999133348464966,0.01341156973930307,"1765539374.8619988,-0.08610547333955765,2.375767230987549,0.18789921700954437,-0.008767319843173027,-0.007239073049277067,-0.006642000749707222,-0.9999133348464966"
2025-12-12 12:36:22.644599,-0.08630169928073883,2.3756377696990967,0.18910907208919525,-0.0023846852127462626,-0.0067933774553239346,-0.00888801272958517,-0.9999345541000366,0.01780983710767036,"1765539374.8662827,-0.08630169928073883,2.3756377696990967,0.18910907208919525,-0.0023846852127462626,-0.0067933774553239346,-0.00888801272958517,-0.9999345541000366"
2025-12-12 12:36:22.745218,-0.08602101355791092,2.375788450241089,0.18954908847808838,0.0008546069730073214,-0.004377078730612993,-0.011194887571036816,-0.9999274611473083,0.02238339992990221,"1765539374.8705933,-0.08602101355791092,2.375788450241089,0.18954908847808838,0.0008546069730073214,-0.004377078730612993,-0.011194887571036816,-0.9999274611473083"
2025-12-12 12:36:22.850240,-0.08543705940246582,2.3760986328125,0.1895492672920227,0.001800751662813127,-0.0008982894360087812,-0.013519830070436,-0.999906599521637,0.02703723942023878,"1765539374.8753285,-0.08543705940246582,2.3760986328125,0.1895492672920227,0.001800751662813127,-0.0008982894360087812,-0.013519830070436,-0.999906599521637"
2025-12-12 12:36:22.955302,-0.08357919007539749,2.3751237392425537,0.19319245219230652,0.004168140236288309,-0.011506803333759308,-0.024592364206910133,-0.999622642993927,0.04910319664411424,"1765539374.8789597,-0.08357919007539749,2.3751237392425537,0.19319245219230652,0.004168140236288309,-0.011506803333759308,-0.024592364206910133,-0.999622642993927"
2025-12-12 12:36:23.060361,-0.08196116983890533,2.3750665187835693,0.19539116322994232,0.0029317080043256283,-0.012267389334738255,-0.028582463040947914,-0.9995118379592896,0.05711353861863836,"1765539374.8833883,-0.08196116983890533,2.3750665187835693,0.19539116322994232,0.0029317080043256283,-0.012267389334738255,-0.028582463040947914,-0.9995118379592896"
2025-12-12 12:36:23.165421,-0.08010592311620712,2.375699043273926,0.19537396728992462,0.00414566695690155,-0.014226241037249565,-0.0328344851732254,-0.9993509650230408,0.06558240424124831,"1765539374.88736,-0.08010592311620712,2.375699043273926,0.19537396728992462,0.00414566695690155,-0.014226241037249565,-0.0328344851732254,-0.9993509650230408"
2025-12-12 12:36:23.268705,-0.08002419769763947,2.3752899169921875,0.19716545939445496,0.004893226083368063,-0.010225667618215084,-0.03502988442778587,-0.9993219971656799,0.06998440925032459,"1765539374.8913317,-0.08002419769763947,2.3752899169921875,0.19716545939445496,0.004893226083368063,-0.010225667618215084,-0.03502988442778587,-0.9993219971656799"
2025-12-12 12:36:23.368760,-0.07861211895942688,2.375251293182373,0.19835644960403442,0.008295499719679356,-0.008018027991056442,-0.037491973489522934,-0.9992303252220154,0.07487350839771528,"1765539374.8955684,-0.07861211895942688,2.375251293182373,0.19835644960403442,0.008295499719679356,-0.008018027991056442,-0.037491973489522934,-0.9992303252220154"
2025-12-12 12:36:23.473826,-0.07787558436393738,2.375255823135376,0.19871361553668976,0.010249374434351921,-0.006379896774888039,-0.03966690972447395,-0.9991400241851807,0.07922494396969645,"1765539374.9007654,-0.07787558436393738,2.375255823135376,0.19871361553668976,0.010249374434351921,-0.006379896774888039,-0.03966690972447395,-0.9991400241851807"
2025-12-12 12:36:23.578702,-0.07763658463954926,2.374636650085449,0.19957280158996582,0.011485652066767216,-0.001769917900674045,-0.041115663945674896,-0.9990867972373962,0.08220896888266263,"1765539374.9040093,-0.07763658463954926,2.374636650085449,0.19957280158996582,0.011485652066767216,-0.001769917900674045,-0.041115663945674896,-0.9990867972373962"
2025-12-12 12:36:23.683104,-0.0745357871055603,2.3732492923736572,0.2031194567680359,0.015485754236578941,0.0039046225138008595,-0.04613085836172104,-0.9988077878952026,0.09240597690737766,"1765539374.9124148,-0.0745357871055603,2.3732492923736572,0.2031194567680359,0.015485754236578941,0.0039046225138008595,-0.04613085836172104,-0.9988077878952026"
2025-12-12 12:36:23.786818,-0.07329156994819641,2.372853994369507,0.20489303767681122,0.01507103443145752,0.005029328167438507,-0.05031421408057213,-0.9986070990562439,0.10081420105369183,"1765539374.9169018,-0.07329156994819641,2.372853994369507,0.20489303767681122,0.01507103443145752,0.005029328167438507,-0.05031421408057213,-0.9986070990562439"
2025-12-12 12:36:23.891900,-0.0713738352060318,2.37164306640625,0.21009886264801025,0.017839038744568825,0.012668544426560402,-0.05473990738391876,-0.9982609152793884,0.10999296942265141,"1765539374.924705,-0.0713738352060318,2.37164306640625,0.21009886264801025,0.017839038744568825,0.012668544426560402,-0.05473990738391876,-0.9982609152793884"
2025-12-12 12:36:23.996958,-0.07118196040391922,2.3710215091705322,0.21165306866168976,0.02424306608736515,0.020585455000400543,-0.05571938678622246,-0.9979398250579834,0.11252737972045555,"1765539374.9287825,-0.07118196040391922,2.3710215091705322,0.21165306866168976,0.02424306608736515,0.020585455000400543,-0.05571938678622246,-0.9979398250579834"
2025-12-12 12:36:24.101101,-0.06806029379367828,2.367570638656616,0.21456605195999146,0.028134223073720932,0.025963537395000458,-0.0649314895272255,-0.9971551299095154,0.13148490918708045,"1765539374.9499688,-0.06806029379367828,2.367570638656616,0.21456605195999146,0.028134223073720932,0.025963537395000458,-0.0649314895272255,-0.9971551299095154"
2025-12-12 12:36:24.206130,-0.06699575483798981,2.3674724102020264,0.21577034890651703,0.028864579275250435,0.029287951067090034,-0.06681156903505325,-0.9969179034233093,0.13551756098606835,"1765539374.9539418,-0.06699575483798981,2.3674724102020264,0.21577034890651703,0.028864579275250435,0.029287951067090034,-0.06681156903505325,-0.9969179034233093"
2025-12-12 12:36:24.306180,-0.06699575483798981,2.3674724102020264,0.21577034890651703,0.028864579275250435,0.029287951067090034,-0.06681156903505325,-0.9969179034233093,0.13551756098606835,"1765539374.9539418,-0.06699575483798981,2.3674724102020264,0.21577034890651703,0.028864579275250435,0.029287951067090034,-0.06681156903505325,-0.9969179034233093"
2025-12-12 12:36:24.408606,-0.06563146412372589,2.3667047023773193,0.21609877049922943,0.02687782235443592,0.030069634318351746,-0.06876838952302933,-0.9968171119689941,0.13938631811836935,"1765539374.9581125,-0.06563146412372589,2.3667047023773193,0.21609877049922943,0.02687782235443592,0.030069634318351746,-0.06876838952302933,-0.9968171119689941"
2025-12-12 12:36:24.511265,-0.0639563500881195,2.365661382675171,0.21595557034015656,0.02274380251765251,0.028929051011800766,-0.07165804505348206,-0.9967501759529114,0.14488650902437478,"1765539374.96274,-0.0639563500881195,2.365661382675171,0.21595557034015656,0.02274380251765251,0.028929051011800766,-0.07165804505348206,-0.9967501759529114"
2025-12-12 12:36:24.616310,-0.06272020190954208,2.3647308349609375,0.21579758822917938,0.01952122338116169,0.026761289685964584,-0.07440182566642761,-0.9966780543327332,0.15010759229713158,"1765539374.9667137,-0.06272020190954208,2.3647308349609375,0.21579758822917938,0.01952122338116169,0.026761289685964584,-0.07440182566642761,-0.9966780543327332"
2025-12-12 12:36:24.717535,-0.06191732734441757,2.3643267154693604,0.21556301414966583,0.019070087000727654,0.02727380022406578,-0.07592736184597015,-0.996557891368866,0.15317268484989305,"1765539374.9705439,-0.06191732734441757,2.3643267154693604,0.21556301414966583,0.019070087000727654,0.02727380022406578,-0.07592736184597015,-0.996557891368866"
2025-12-12 12:36:24.818065,-0.06130877509713173,2.3640007972717285,0.21576640009880066,0.01821844093501568,0.02742968313395977,-0.07768683135509491,-0.9964339137077332,0.15666890245593842,"1765539374.974958,-0.06130877509713173,2.3640007972717285,0.21576640009880066,0.01821844093501568,0.02742968313395977,-0.07768683135509491,-0.9964339137077332"
2025-12-12 12:36:24.923115,-0.060187749564647675,2.363402843475342,0.2154630571603775,0.015630032867193222,0.024588344618678093,-0.07902996242046356,-0.9964463710784912,0.15910896392596677,"1765539374.9789386,-0.060187749564647675,2.363402843475342,0.2154630571603775,0.015630032867193222,0.024588344618678093,-0.07902996242046356,-0.9964463710784912"
2025-12-12 12:36:25.028181,-0.05907236039638519,2.3625855445861816,0.215352863073349,0.013400123454630375,0.02269245870411396,-0.08129708468914032,-0.9963414669036865,0.16348558582702152,"1765539374.9829073,-0.05907236039638519,2.3625855445861816,0.215352863073349,0.013400123454630375,0.02269245870411396,-0.08129708468914032,-0.9963414669036865"
2025-12-12 12:36:25.133247,-0.05797002464532852,2.361936092376709,0.21531610190868378,0.011660119518637657,0.0214951504021883,-0.08414430171251297,-0.9961535334587097,0.16908768337900923,"1765539374.98718,-0.05797002464532852,2.361936092376709,0.21531610190868378,0.011660119518637657,0.0214951504021883,-0.08414430171251297,-0.9961535334587097"
2025-12-12 12:36:25.238297,-0.05678465962409973,2.3612191677093506,0.21518146991729736,0.009162865579128265,0.020135635510087013,-0.08733684569597244,-0.9959331750869751,0.17535907506086523,"1765539374.991348,-0.05678465962409973,2.3612191677093506,0.21518146991729736,0.009162865579128265,0.020135635510087013,-0.08733684569597244,-0.9959331750869751"
2025-12-12 12:36:25.343321,-0.055770955979824066,2.360504388809204,0.21513046324253082,0.0077269719913601875,0.019636694341897964,-0.09058617800474167,-0.9956651329994202,0.181819141906741,"1765539374.9960806,-0.055770955979824066,2.360504388809204,0.21513046324253082,0.0077269719913601875,0.019636694341897964,-0.09058617800474167,-0.9956651329994202"
2025-12-12 12:36:25.444107,-0.05487982928752899,2.3598783016204834,0.2149801403284073,0.006563127040863037,0.01988266594707966,-0.09325762093067169,-0.995421826839447,0.18714984178771346,"1765539375.0001736,-0.05487982928752899,2.3598783016204834,0.2149801403284073,0.006563127040863037,0.01988266594707966,-0.09325762093067169,-0.995421826839447"
2025-12-12 12:36:25.544732,-0.053797125816345215,2.3590173721313477,0.2140396535396576,0.0049510616809129715,0.019486229866743088,-0.09564557671546936,-0.9952124357223511,0.19188013581930757,"1765539375.003997,-0.053797125816345215,2.3590173721313477,0.2140396535396576,0.0049510616809129715,0.019486229866743088,-0.09564557671546936,-0.9952124357223511"
2025-12-12 12:36:25.649838,-0.052038565278053284,2.3576066493988037,0.21788570284843445,0.006188616156578064,0.026526756584644318,-0.10389873385429382,-0.9942148923873901,0.20871013250528309,"1765539375.0162334,-0.052038565278053284,2.3576066493988037,0.21788570284843445,0.006188616156578064,0.026526756584644318,-0.10389873385429382,-0.9942148923873901"
2025-12-12 12:36:25.751306,-0.05247453600168228,2.3578908443450928,0.21488246321678162,0.0050314320251345634,0.020429644733667374,-0.10098389536142349,-0.9946656227111816,0.20263800830860051,"1765539375.0124052,-0.05247453600168228,2.3578908443450928,0.21488246321678162,0.0050314320251345634,0.020429644733667374,-0.10098389536142349,-0.9946656227111816"
2025-12-12 12:36:25.851385,-0.04968767613172531,2.3556272983551025,0.21653032302856445,0.007677583955228329,0.021920591592788696,-0.10809516906738281,-0.9938692450523376,0.21709199516217767,"1765539375.025203,-0.04968767613172531,2.3556272983551025,0.21653032302856445,0.007677583955228329,0.021920591592788696,-0.10809516906738281,-0.9938692450523376"
2025-12-12 12:36:25.951457,-0.04968767613172531,2.3556272983551025,0.21653032302856445,0.007677583955228329,0.021920591592788696,-0.10809516906738281,-0.9938692450523376,0.21709199516217767,"1765539375.025203,-0.04968767613172531,2.3556272983551025,0.21653032302856445,0.007677583955228329,0.021920591592788696,-0.10809516906738281,-0.9938692450523376"
2025-12-12 12:36:26.051611,-0.042410776019096375,2.3464462757110596,0.1998208612203598,-0.013128088787198067,-0.0067068105563521385,-0.12729404866695404,-0.991755485534668,0.25544683803251633,"1765539375.062546,-0.042410776019096375,2.3464462757110596,0.1998208612203598,-0.013128088787198067,-0.0067068105563521385,-0.12729404866695404,-0.991755485534668"
2025-12-12 12:36:26.156632,-0.04041934013366699,2.3467769622802734,0.20288126170635223,0.0007402703049592674,-0.0064121996983885765,-0.128444105386734,-0.9916958212852478,0.257606430003877,"1765539375.0665362,-0.04041934013366699,2.3467769622802734,0.20288126170635223,0.0007402703049592674,-0.0064121996983885765,-0.128444105386734,-0.9916958212852478"
2025-12-12 12:36:26.261690,-0.03935972601175308,2.3463730812072754,0.20278580486774445,0.0015142448246479034,-0.009597200900316238,-0.13063912093639374,-0.9913824200630188,0.2620348384861812,"1765539375.0705357,-0.03935972601175308,2.3463730812072754,0.20278580486774445,0.0015142448246479034,-0.009597200900316238,-0.13063912093639374,-0.9913824200630188"
2025-12-12 12:36:26.366734,-0.038830868899822235,2.345874309539795,0.19853515923023224,-0.0019445454236119986,-0.0233075562864542,-0.1315038502216339,-0.9910396933555603,0.2640727301257616,"1765539375.0749743,-0.038830868899822235,2.345874309539795,0.19853515923023224,-0.0019445454236119986,-0.0233075562864542,-0.1315038502216339,-0.9910396933555603"
2025-12-12 12:36:26.471781,-0.03900501877069473,2.3450891971588135,0.19733093678951263,-0.0015651974827051163,-0.026207080110907555,-0.13143345713615417,-0.9909772872924805,0.263979058290908,"1765539375.078814,-0.03900501877069473,2.3450891971588135,0.19733093678951263,-0.0015651974827051163,-0.026207080110907555,-0.13143345713615417,-0.9909772872924805"
2025-12-12 12:36:26.576789,-0.038670748472213745,2.3442845344543457,0.19686384499073029,-0.0015155436703935266,-0.02568601444363594,-0.13206903636455536,-0.9909065961837769,0.26524795494244646,"1765539375.0832558,-0.038670748472213745,2.3442845344543457,0.19686384499073029,-0.0015155436703935266,-0.02568601444363594,-0.13206903636455536,-0.9909065961837769"
2025-12-12 12:36:26.676836,-0.03806421160697937,2.343538284301758,0.19727757573127747,0.0001780206657713279,-0.025052621960639954,-0.13291847705841064,-0.9908103346824646,0.26686724371820514,"1765539375.0873945,-0.03806421160697937,2.343538284301758,0.19727757573127747,0.0001780206657713279,-0.025052621960639954,-0.13291847705841064,-0.9908103346824646"
2025-12-12 12:36:26.781881,-0.03765866905450821,2.343341827392578,0.1974198967218399,0.0014856335474178195,-0.024948734790086746,-0.13388869166374207,-0.9906812310218811,0.26876167931934314,"1765539375.0918286,-0.03765866905450821,2.343341827392578,0.1974198967218399,0.0014856335474178195,-0.024948734790086746,-0.13388869166374207,-0.9906812310218811"
2025-12-12 12:36:26.886944,-0.03720823675394058,2.3434078693389893,0.19703228771686554,0.002115562791004777,-0.02631189674139023,-0.13631372153759003,-0.9903140664100647,0.27365359166074055,"1765539375.095653,-0.03720823675394058,2.3434078693389893,0.19703228771686554,0.002115562791004777,-0.02631189674139023,-0.13631372153759003,-0.9903140664100647"
2025-12-12 12:36:26.989050,-0.03662392497062683,2.3427464962005615,0.19744928181171417,0.002474935259670019,-0.025365468114614487,-0.13830289244651794,-0.9900619983673096,0.27763997146712854,"1765539375.1002393,-0.03662392497062683,2.3427464962005615,0.19744928181171417,0.002474935259670019,-0.025365468114614487,-0.13830289244651794,-0.9900619983673096"
2025-12-12 12:36:27.089137,-0.03582821786403656,2.342203378677368,0.1978054642677307,0.0028345289174467325,-0.024193910881876945,-0.14091534912586212,-0.9897220134735107,0.2828858350524267,"1765539375.1040242,-0.03582821786403656,2.342203378677368,0.1978054642677307,0.0028345289174467325,-0.024193910881876945,-0.14091534912586212,-0.9897220134735107"
2025-12-12 12:36:27.192228,-0.03397189825773239,2.341017007827759,0.19913038611412048,0.003708719275891781,-0.02088824100792408,-0.14700104296207428,-0.9889088869094849,0.2951129660510299,"1765539375.1121345,-0.03397189825773239,2.341017007827759,0.19913038611412048,0.003708719275891781,-0.02088824100792408,-0.14700104296207428,-0.9889088869094849"
2025-12-12 12:36:27.297253,-0.03338709473609924,2.3403563499450684,0.1995457261800766,0.003762788139283657,-0.019772477447986603,-0.15007954835891724,-0.9884690642356873,0.3013287089998894,"1765539375.116427,-0.03338709473609924,2.3403563499450684,0.1995457261800766,0.003762788139283657,-0.019772477447986603,-0.15007954835891724,-0.9884690642356873"
2025-12-12 12:36:27.398803,-0.03162727504968643,2.33756422996521,0.20294320583343506,0.02228643372654915,-0.008970649912953377,-0.15220226347446442,-0.9880574345588684,0.30517445788654657,"1765539375.1292095,-0.03162727504968643,2.33756422996521,0.20294320583343506,0.02228643372654915,-0.008970649912953377,-0.15220226347446442,-0.9880574345588684"
2025-12-12 12:36:27.503849,-0.03162727504968643,2.33756422996521,0.20294320583343506,0.02228643372654915,-0.008970649912953377,-0.15220226347446442,-0.9880574345588684,0.30517445788654657,"1765539375.1292095,-0.03162727504968643,2.33756422996521,0.20294320583343506,0.02228643372654915,-0.008970649912953377,-0.15220226347446442,-0.9880574345588684"
2025-12-12 12:36:27.608975,-0.033132489770650864,2.3380720615386963,0.2006627768278122,0.015366354025900364,-0.01608806662261486,-0.14940881729125977,-0.9885252118110657,0.2995495827156263,"1765539375.1253905,-0.033132489770650864,2.3380720615386963,0.2006627768278122,0.015366354025900364,-0.01608806662261486,-0.14940881729125977,-0.9885252118110657"
2025-12-12 12:36:27.714137,-0.029187560081481934,2.3381524085998535,0.20729433000087738,0.02802262455224991,-0.0011088812025263906,-0.15760593116283417,-0.9871038198471069,0.31635401891622245,"1765539375.1333427,-0.029187560081481934,2.3381524085998535,0.20729433000087738,0.02802262455224991,-0.0011088812025263906,-0.15760593116283417,-0.9871038198471069"
2025-12-12 12:36:27.814282,-0.028003934770822525,2.33902907371521,0.21007093787193298,0.03960138559341431,0.0012233497109264135,-0.15986914932727814,-0.9863428473472595,0.320967758650641,"1765539375.1373322,-0.028003934770822525,2.33902907371521,0.21007093787193298,0.03960138559341431,0.0012233497109264135,-0.15986914932727814,-0.9863428473472595"
2025-12-12 12:36:27.919324,-0.027046307921409607,2.3393466472625732,0.21248888969421387,0.04698106274008751,0.004586671944707632,-0.16265644133090973,-0.9855530261993408,0.3268383119241023,"1765539375.14131,-0.027046307921409607,2.3393466472625732,0.21248888969421387,0.04698106274008751,0.004586671944707632,-0.16265644133090973,-0.9855530261993408"
2025-12-12 12:36:28.024372,-0.027055274695158005,2.339860677719116,0.21166245639324188,0.041626475751399994,0.004334439989179373,-0.16525216400623322,-0.9853629469871521,0.3321031813675827,"1765539375.1455486,-0.027055274695158005,2.339860677719116,0.21166245639324188,0.041626475751399994,0.004334439989179373,-0.16525216400623322,-0.9853629469871521"
2025-12-12 12:36:28.124410,-0.024791883304715157,2.34298038482666,0.21493732929229736,0.03697266802191734,0.02153264544904232,-0.17251478135585785,-0.9840772747993469,0.3482759365701796,"1765539375.1508925,-0.024791883304715157,2.34298038482666,0.21493732929229736,0.03697266802191734,0.02153264544904232,-0.17251478135585785,-0.9840772747993469"
2025-12-12 12:36:28.224469,-0.023989195004105568,2.3442111015319824,0.21667633950710297,0.03938954323530197,0.027543578296899796,-0.17598547041416168,-0.9832187294960022,0.35598884833069355,"1765539375.1541088,-0.023989195004105568,2.3442111015319824,0.21667633950710297,0.03938954323530197,0.027543578296899796,-0.17598547041416168,-0.9832187294960022"
2025-12-12 12:36:28.329488,-0.023111596703529358,2.344622850418091,0.21517515182495117,0.038051001727581024,0.03213077783584595,-0.1775253713130951,-0.9828552603721619,0.35953888329189065,"1765539375.1579328,-0.023111596703529358,2.344622850418091,0.21517515182495117,0.038051001727581024,0.03213077783584595,-0.1775253713130951,-0.9828552603721619"
2025-12-12 12:36:28.429583,-0.022133074700832367,2.345155715942383,0.2164868414402008,0.041293032467365265,0.03793433681130409,-0.18043705821037292,-0.981986939907074,0.36627839678404184,"1765539375.162212,-0.022133074700832367,2.345155715942383,0.2164868414402008,0.041293032467365265,0.03793433681130409,-0.18043705821037292,-0.981986939907074"
2025-12-12 12:36:28.534193,-0.02221636474132538,2.3446481227874756,0.21659988164901733,0.035463154315948486,0.032248154282569885,-0.1833951324224472,-0.9818699955940247,0.37136456084679054,"1765539375.1664593,-0.02221636474132538,2.3446481227874756,0.21659988164901733,0.035463154315948486,0.032248154282569885,-0.1833951324224472,-0.9818699955940247"
2025-12-12 12:36:28.634303,-0.022177571430802345,2.3445119857788086,0.2169787734746933,0.03312543407082558,0.03210895508527756,-0.1860092729330063,-0.9814643859863281,0.3765594863908833,"1765539375.1705859,-0.022177571430802345,2.3445119857788086,0.2169787734746933,0.03312543407082558,0.03210895508527756,-0.1860092729330063,-0.9814643859863281"
2025-12-12 12:36:28.734439,-0.020803313702344894,2.3448076248168945,0.21768617630004883,0.03264513239264488,0.03635988011956215,-0.18888257443904877,-0.980783224105835,0.3828117170952115,"1765539375.174715,-0.020803313702344894,2.3448076248168945,0.21768617630004883,0.03264513239264488,0.03635988011956215,-0.18888257443904877,-0.980783224105835"
2025-12-12 12:36:28.837185,-0.01958523690700531,2.3451180458068848,0.22110256552696228,0.026598822325468063,0.031228339299559593,-0.19159133732318878,-0.9806172847747803,0.387537476355703,"1765539375.1789613,-0.01958523690700531,2.3451180458068848,0.22110256552696228,0.026598822325468063,0.031228339299559593,-0.19159133732318878,-0.9806172847747803"
2025-12-12 12:36:28.942209,-0.019175341352820396,2.345104694366455,0.22045449912548065,0.02826054021716118,0.03179427608847618,-0.19383616745471954,-0.9801112413406372,0.3922448384842948,"1765539375.1840413,-0.019175341352820396,2.345104694366455,0.22045449912548065,0.02826054021716118,0.03179427608847618,-0.19383616745471954,-0.9801112413406372"
2025-12-12 12:36:29.045043,-0.01746225357055664,2.3450236320495605,0.22354920208454132,0.029965227469801903,0.0287825595587492,-0.19466687738895416,-0.9799890518188477,0.3937477296335084,"1765539375.187429,-0.01746225357055664,2.3450236320495605,0.22354920208454132,0.029965227469801903,0.0287825595587492,-0.19466687738895416,-0.9799890518188477"
2025-12-12 12:36:29.147147,-0.016844134777784348,2.344320058822632,0.22319234907627106,0.026743929833173752,0.03032236546278,-0.19732137024402618,-0.9795047640800476,0.39915538679147244,"1765539375.1914067,-0.016844134777784348,2.344320058822632,0.22319234907627106,0.026743929833173752,0.03032236546278,-0.19732137024402618,-0.9795047640800476"
2025-12-12 12:36:29.247282,-0.015321150422096252,2.3444385528564453,0.22436314821243286,0.0279582180082798,0.029355838894844055,-0.19881068170070648,-0.9791991114616394,0.4021666628930863,"1765539375.1955335,-0.015321150422096252,2.3444385528564453,0.22436314821243286,0.0279582180082798,0.029355838894844055,-0.19881068170070648,-0.9791991114616394"
2025-12-12 12:36:29.349934,-0.013663500547409058,2.343764543533325,0.22432740032672882,0.02945754863321781,0.02889816276729107,-0.19956105947494507,-0.9790161848068237,0.40372266469474793,"1765539375.1996698,-0.013663500547409058,2.343764543533325,0.22432740032672882,0.02945754863321781,0.02889816276729107,-0.19956105947494507,-0.9790161848068237"
2025-12-12 12:36:29.451491,-0.01239890605211258,2.3431191444396973,0.22443141043186188,0.028447462245821953,0.030037771910429,-0.20147165656089783,-0.9786202907562256,0.4076813789512717,"1765539375.2039492,-0.01239890605211258,2.3431191444396973,0.22443141043186188,0.028447462245821953,0.030037771910429,-0.20147165656089783,-0.9786202907562256"
2025-12-12 12:36:29.556544,-0.009288772940635681,2.340891122817993,0.22379229962825775,0.022461965680122375,0.026461860164999962,-0.20692291855812073,-0.9777414202690125,0.41827976467510797,"1765539375.2167952,-0.009288772940635681,2.340891122817993,0.22379229962825775,0.022461965680122375,0.026461860164999962,-0.20692291855812073,-0.9777414202690125"
2025-12-12 12:36:29.661588,-0.005617991089820862,2.3392558097839355,0.22450681030750275,0.01246018335223198,0.022154852747917175,-0.21281979978084564,-0.976760745048523,0.4297028488997077,"1765539375.228908,-0.005617991089820862,2.3392558097839355,0.22450681030750275,0.01246018335223198,0.022154852747917175,-0.21281979978084564,-0.976760745048523"
2025-12-12 12:36:29.766642,-0.005617991089820862,2.3392558097839355,0.22450681030750275,0.01246018335223198,0.022154852747917175,-0.21281979978084564,-0.976760745048523,0.4297028488997077,"1765539375.228908,-0.005617991089820862,2.3392558097839355,0.22450681030750275,0.01246018335223198,0.022154852747917175,-0.21281979978084564,-0.976760745048523"
2025-12-12 12:36:29.871703,-0.010117419064044952,2.3411574363708496,0.22377866506576538,0.023603016510605812,0.028209146112203598,-0.20495520532131195,-0.9780800938606262,0.4144362854582003,"1765539375.2125468,-0.010117419064044952,2.3411574363708496,0.22377866506576538,0.023603016510605812,0.028209146112203598,-0.20495520532131195,-0.9780800938606262"
2025-12-12 12:36:29.976296,-0.007055327296257019,2.3396785259246826,0.22408463060855865,0.01563011296093464,0.02407594956457615,-0.2110566645860672,-0.9770523309707642,0.4263143538400005,"1765539375.2248933,-0.007055327296257019,2.3396785259246826,0.22408463060855865,0.01563011296093464,0.02407594956457615,-0.2110566645860672,-0.9770523309707642"
2025-12-12 12:36:30.079359,-0.004272527992725372,2.3388731479644775,0.22437502443790436,0.010486765764653683,0.020833181217312813,-0.21449105441570282,-0.9764474630355835,0.43299385544578955,"1765539375.2328901,-0.004272527992725372,2.3388731479644775,0.22437502443790436,0.010486765764653683,0.020833181217312813,-0.21449105441570282,-0.9764474630355835"
2025-12-12 12:36:30.184033,-0.0025722458958625793,2.338069438934326,0.22400511801242828,0.007391694001853466,0.01956084556877613,-0.21577510237693787,-0.9762191772460938,0.43546851198241626,"1765539375.237228,-0.0025722458958625793,2.338069438934326,0.22400511801242828,0.007391694001853466,0.01956084556877613,-0.21577510237693787,-0.9762191772460938"
2025-12-12 12:36:30.289086,-0.0007232576608657837,2.337118148803711,0.22294041514396667,0.004794040694832802,0.018179085105657578,-0.2166154533624649,-0.9760760068893433,0.43705917998332955,"1765539375.241356,-0.0007232576608657837,2.337118148803711,0.22294041514396667,0.004794040694832802,0.018179085105657578,-0.2166154533624649,-0.9760760068893433"
2025-12-12 12:36:30.394120,0.004563629627227783,2.336221694946289,0.21803167462348938,-0.003337648930028081,0.0120974937453866,-0.22635816037654877,-0.9739633798599243,0.4566981100892685,"1765539375.2640836,0.004563629627227783,2.336221694946289,0.21803167462348938,-0.003337648930028081,0.0120974937453866,-0.22635816037654877,-0.9739633798599243"
2025-12-12 12:36:30.499197,0.008160453289747238,2.335353374481201,0.21471332013607025,-0.0035255220718681812,0.005263000726699829,-0.22852298617362976,-0.973517894744873,0.4611034774501198,"1765539375.2724538,0.008160453289747238,2.335353374481201,0.21471332013607025,-0.0035255220718681812,0.005263000726699829,-0.22852298617362976,-0.973517894744873"
2025-12-12 12:36:30.600925,0.010409538634121418,2.334789991378784,0.21190790832042694,-0.004363673273473978,-0.0016444638604298234,-0.22981056571006775,-0.9732242822647095,0.46377676251688293,"1765539375.2749095,0.010409538634121418,2.334789991378784,0.21190790832042694,-0.004363673273473978,-0.0016444638604298234,-0.22981056571006775,-0.9732242822647095"
2025-12-12 12:36:30.703678,0.01022404432296753,2.3346569538116455,0.21174754202365875,-0.002298687817528844,0.003175671910867095,-0.23175935447216034,-0.972765326499939,0.46776460858175417,"1765539375.2794967,0.01022404432296753,2.3346569538116455,0.21174754202365875,-0.002298687817528844,0.003175671910867095,-0.23175935447216034,-0.972765326499939"
2025-12-12 12:36:30.807209,0.09808006882667542,2.3770437240600586,0.20041340589523315,0.01441880501806736,0.005197627004235983,-0.4481501877307892,-0.8938268423080444,0.9294525366059201,"1765539375.6788871,0.09808006882667542,2.3770437240600586,0.20041340589523315,0.01441880501806736,0.005197627004235983,-0.4481501877307892,-0.8938268423080444"
2025-12-12 12:36:30.909563,0.10222643613815308,2.380847215652466,0.20700323581695557,0.012140435166656971,0.021017562597990036,-0.4499179422855377,-0.8927399516105652,0.9341842003505314,"1765539375.7832034,0.10222643613815308,2.380847215652466,0.20700323581695557,0.012140435166656971,0.021017562597990036,-0.4499179422855377,-0.8927399516105652"
2025-12-12 12:36:31.009643,0.10243891179561615,2.381988286972046,0.2018992155790329,0.018244918435811996,0.014974233694374561,-0.4523140788078308,-0.891546368598938,0.9392343413112606,"1765539375.8709593,0.10243891179561615,2.381988286972046,0.2018992155790329,0.018244918435811996,0.014974233694374561,-0.4523140788078308,-0.891546368598938"
2025-12-12 12:36:31.114698,0.10308695584535599,2.3814260959625244,0.20133088529109955,0.01596374809741974,0.012542962096631527,-0.45127516984939575,-0.8921538591384888,0.936754767992476,"1765539375.8789074,0.10308695584535599,2.3814260959625244,0.20133088529109955,0.01596374809741974,0.012542962096631527,-0.45127516984939575,-0.8921538591384888"
2025-12-12 12:36:31.219731,0.10356830060482025,2.380976438522339,0.20400306582450867,0.014949474483728409,0.016679253429174423,-0.44956251978874207,-0.8929679989814758,0.9331446313997839,"1765539375.9123247,0.10356830060482025,2.380976438522339,0.20400306582450867,0.014949474483728409,0.016679253429174423,-0.44956251978874207,-0.8929679989814758"
2025-12-12 12:36:31.324756,0.1032617837190628,2.381246328353882,0.20565633475780487,0.014097929000854492,0.021110955625772476,-0.4512619972229004,-0.8920303583145142,0.9372357999971067,"1765539376.1875138,0.1032617837190628,2.381246328353882,0.20565633475780487,0.014097929000854492,0.021110955625772476,-0.4512619972229004,-0.8920303583145142"
2025-12-12 12:36:31.425939,0.10296887159347534,2.380289316177368,0.20268049836158752,0.012818226590752602,0.014883614145219326,-0.44928231835365295,-0.89317387342453,0.9323912284913323,"1765539376.2996926,0.10296887159347534,2.380289316177368,0.20268049836158752,0.012818226590752602,0.014883614145219326,-0.44928231835365295,-0.89317387342453"
2025-12-12 12:36:31.530985,0.10281648486852646,2.3813798427581787,0.20585767924785614,0.013112788088619709,0.02025509625673294,-0.4513581395149231,-0.892016589641571,0.9373749261752145,"1765539376.400578,0.10281648486852646,2.3813798427581787,0.20585767924785614,0.013112788088619709,0.02025509625673294,-0.4513581395149231,-0.892016589641571"
2025-12-12 12:36:31.632487,0.10248643159866333,2.3802669048309326,0.20349690318107605,0.014230255968868732,0.016932807862758636,-0.4500140845775604,-0.8927475810050964,0.9341632808706629,"1765539376.493079,0.10248643159866333,2.3802669048309326,0.20349690318107605,0.014230255968868732,0.016932807862758636,-0.4500140845775604,-0.8927475810050964"
2025-12-12 12:36:31.737561,0.10256187617778778,2.3802945613861084,0.20350342988967896,0.014118975959718227,0.016807537525892258,-0.44999974966049194,-0.8927589058876038,0.934122228949602,"1765539376.5019612,0.10256187617778778,2.3802945613861084,0.20350342988967896,0.014118975959718227,0.016807537525892258,-0.44999974966049194,-0.8927589058876038"
2025-12-12 12:36:31.841934,0.10246950387954712,2.3802685737609863,0.20350424945354462,0.014921441674232483,0.016936004161834717,-0.4500391185283661,-0.892723560333252,0.9342273914986383,"1765539376.7169344,0.10246950387954712,2.3802685737609863,0.20350424945354462,0.014921441674232483,0.016936004161834717,-0.4500391185283661,-0.892723560333252"
2025-12-12 12:36:31.944425,0.10292837768793106,2.3801300525665283,0.20454654097557068,0.01146735530346632,0.017311587929725647,-0.449867844581604,-0.8928537368774414,0.9338235239392244,"1765539376.7997274,0.10292837768793106,2.3801300525665283,0.20454654097557068,0.01146735530346632,0.017311587929725647,-0.449867844581604,-0.8928537368774414"
2025-12-12 12:36:32.048614,0.1025141179561615,2.380362033843994,0.20388153195381165,0.013750753365457058,0.01722673885524273,-0.4497009813785553,-0.8929071426391602,0.9334743948915858,"1765539376.9048462,0.1025141179561615,2.380362033843994,0.20388153195381165,0.013750753365457058,0.01722673885524273,-0.4497009813785553,-0.8929071426391602"
2025-12-12 12:36:32.153682,0.10278449952602386,2.3803157806396484,0.20473018288612366,0.012001104652881622,0.01777571812272072,-0.4498637318611145,-0.8928396701812744,0.9338494849648805,"1765539377.0167294,0.10278449952602386,2.3803157806396484,0.20473018288612366,0.012001104652881622,0.01777571812272072,-0.4498637318611145,-0.8928396701812744"
2025-12-12 12:36:32.253807,0.10254232585430145,2.3802554607391357,0.2042008936405182,0.013437123969197273,0.01737024076282978,-0.449905663728714,-0.8928059935569763,0.9339376421841991,"1765539377.1164796,0.10254232585430145,2.3802554607391357,0.2042008936405182,0.013437123969197273,0.01737024076282978,-0.449905663728714,-0.8928059935569763"
2025-12-12 12:36:32.355762,0.10250943154096603,2.3802125453948975,0.20427575707435608,0.013110795989632607,0.017382727935910225,-0.44994184374809265,-0.8927924036979675,0.934015301643825,"1765539377.1289067,0.10250943154096603,2.3802125453948975,0.20427575707435608,0.013110795989632607,0.017382727935910225,-0.44994184374809265,-0.8927924036979675"
2025-12-12 12:36:32.460834,0.10256140679121017,2.3800852298736572,0.20408101379871368,0.012763838283717632,0.016971467062830925,-0.44979962706565857,-0.8928769826889038,0.9336675925907209,"1765539377.132875,0.10256140679121017,2.3800852298736572,0.20408101379871368,0.012763838283717632,0.016971467062830925,-0.44979962706565857,-0.8928769826889038"
2025-12-12 12:36:32.564259,0.10236843675374985,2.3801372051239014,0.20438987016677856,0.012593281455338001,0.017259765416383743,-0.45012056827545166,-0.8927122354507446,0.9344015014198439,"1765539377.3496387,0.10236843675374985,2.3801372051239014,0.20438987016677856,0.012593281455338001,0.017259765416383743,-0.45012056827545166,-0.8927122354507446"
2025-12-12 12:36:32.669328,0.10230905562639236,2.380237579345703,0.20440156757831573,0.013216574676334858,0.017614465206861496,-0.4501720666885376,-0.8926702737808228,0.9345465513294152,"1765539377.533097,0.10230905562639236,2.380237579345703,0.20440156757831573,0.013216574676334858,0.017614465206861496,-0.4501720666885376,-0.8926702737808228"
2025-12-12 12:36:32.772187,0.10236405581235886,2.380582571029663,0.20479418337345123,0.013449371792376041,0.018406828865408897,-0.45031630992889404,-0.8925780057907104,0.9349226711900559,"1765539377.629055,0.10236405581235886,2.380582571029663,0.20479418337345123,0.013449371792376041,0.018406828865408897,-0.45031630992889404,-0.8925780057907104"
2025-12-12 12:36:32.877243,0.10231222957372665,2.380343198776245,0.20469209551811218,0.013797184452414513,0.018307873979210854,-0.45010867714881897,-0.8926794528961182,0.9344559868056055,"1765539377.7164855,0.10231222957372665,2.380343198776245,0.20469209551811218,0.013797184452414513,0.018307873979210854,-0.45010867714881897,-0.8926794528961182"
2025-12-12 12:36:32.977315,0.1021755263209343,2.380181074142456,0.20437604188919067,0.013506999239325523,0.01788620464503765,-0.45002710819244385,-0.892733633518219,0.9342426449812985,"1765539377.7288551,0.1021755263209343,2.380181074142456,0.20437604188919067,0.013506999239325523,0.01788620464503765,-0.45002710819244385,-0.892733633518219"
2025-12-12 12:36:33.082366,0.10263119637966156,2.380382537841797,0.20460857450962067,0.014626799151301384,0.019096380099654198,-0.4502662122249603,-0.8925702571868896,0.9348721395912414,"1765539377.950002,0.10263119637966156,2.380382537841797,0.20460857450962067,0.014626799151301384,0.019096380099654198,-0.4502662122249603,-0.8925702571868896"
2025-12-12 12:36:33.187415,0.10244819521903992,2.380293369293213,0.20470085740089417,0.013336094096302986,0.018115386366844177,-0.45005810260772705,-0.8927159309387207,0.9343242224187289,"1765539378.0161753,0.10244819521903992,2.380293369293213,0.20470085740089417,0.013336094096302986,0.018115386366844177,-0.45005810260772705,-0.8927159309387207"
2025-12-12 12:36:33.288401,0.10221584886312485,2.380308151245117,0.20488856732845306,0.013894551433622837,0.018648922443389893,-0.45020753145217896,-0.8926210403442383,0.9347008512158526,"1765539378.1332102,0.10221584886312485,2.380308151245117,0.20488856732845306,0.013894551433622837,0.018648922443389893,-0.45020753145217896,-0.8926210403442383"
2025-12-12 12:36:33.389491,0.10247033834457397,2.3804402351379395,0.20497457683086395,0.01387604046612978,0.0187486931681633,-0.4503009021282196,-0.8925722241401672,0.9349163155194417,"1765539378.2580707,0.10247033834457397,2.3804402351379395,0.20497457683086395,0.01387604046612978,0.0187486931681633,-0.4503009021282196,-0.8925722241401672"
2025-12-12 12:36:33.494560,0.10214593261480331,2.3802947998046875,0.20472799241542816,0.013957166112959385,0.018467921763658524,-0.4502968192100525,-0.8925787806510925,0.934889909353306,"1765539378.3330858,0.10214593261480331,2.3802947998046875,0.20472799241542816,0.013957166112959385,0.018467921763658524,-0.4502968192100525,-0.8925787806510925"
2025-12-12 12:36:33.599591,0.10215003788471222,2.3803422451019287,0.20479430258274078,0.013985560275614262,0.018581975251436234,-0.45037636160850525,-0.8925358653068542,0.9350759161027933,"1765539378.3381214,0.10215003788471222,2.3803422451019287,0.20479430258274078,0.013985560275614262,0.018581975251436234,-0.45037636160850525,-0.8925358653068542"
2025-12-12 12:36:33.702922,0.10220616310834885,2.3803791999816895,0.20478518307209015,0.014087272807955742,0.01864689588546753,-0.4504036605358124,-0.8925191164016724,0.9351426989764297,"1765539378.3498528,0.10220616310834885,2.3803791999816895,0.20478518307209015,0.014087272807955742,0.01864689588546753,-0.4504036605358124,-0.8925191164016724"
2025-12-12 12:36:33.803020,0.10240842401981354,2.3801658153533936,0.20468205213546753,0.013697845861315727,0.018347399309277534,-0.45007914304733276,-0.8926950693130493,0.934391039447189,"1765539378.3539813,0.10240842401981354,2.3801658153533936,0.20468205213546753,0.013697845861315727,0.018347399309277534,-0.45007914304733276,-0.8926950693130493"
2025-12-12 12:36:33.908086,0.10234934836626053,2.380277395248413,0.20459124445915222,0.01319882832467556,0.01793847419321537,-0.45021000504493713,-0.8926448822021484,0.9346514252403639,"1765539378.77053,0.10234934836626053,2.380277395248413,0.20459124445915222,0.01319882832467556,0.01793847419321537,-0.45021000504493713,-0.8926448822021484"
2025-12-12 12:36:34.013166,0.10280846804380417,2.3802599906921387,0.20437604188919067,0.014326856471598148,0.018765510991215706,-0.45010748505592346,-0.8926622867584229,0.9344904286019685,"1765539378.8706803,0.10280846804380417,2.3802599906921387,0.20437604188919067,0.014326856471598148,0.018765510991215706,-0.45010748505592346,-0.8926622867584229"
2025-12-12 12:36:34.113919,0.10253214836120605,2.3801395893096924,0.2045961618423462,0.013123451732099056,0.017883410677313805,-0.4499851167201996,-0.8927605152130127,0.934143296564894,"1765539378.9498508,0.10253214836120605,2.3801395893096924,0.2045961618423462,0.013123451732099056,0.017883410677313805,-0.4499851167201996,-0.8927605152130127"
2025-12-12 12:36:34.218780,0.10239414125680923,2.3802366256713867,0.2045186161994934,0.013210677541792393,0.017841270193457603,-0.45020875334739685,-0.8926473259925842,0.9346427215121327,"1765539378.958099,0.10239414125680923,2.3802366256713867,0.2045186161994934,0.013210677541792393,0.017841270193457603,-0.45020875334739685,-0.8926473259925842"
2025-12-12 12:36:34.323090,0.10252873599529266,2.380554437637329,0.20465600490570068,0.014824568293988705,0.019065968692302704,-0.4504413902759552,-0.8924792408943176,0.9352652198583407,"1765539379.1790423,0.10252873599529266,2.380554437637329,0.20465600490570068,0.014824568293988705,0.019065968692302704,-0.4504413902759552,-0.8924792408943176"
2025-12-12 12:36:34.423198,0.10233592987060547,2.380293607711792,0.20461958646774292,0.013762416318058968,0.018225116655230522,-0.4501623511314392,-0.8926545977592468,0.9345704115439406,"1765539379.2664282,0.10233592987060547,2.380293607711792,0.20461958646774292,0.013762416318058968,0.018225116655230522,-0.4501623511314392,-0.8926545977592468"
2025-12-12 12:36:34.523237,0.10271710157394409,2.380403995513916,0.20466692745685577,0.01484233420342207,0.01919514499604702,-0.4502217769622803,-0.8925870656967163,0.9347823293970108,"1765539379.3579993,0.10271710157394409,2.380403995513916,0.20466692745685577,0.01484233420342207,0.01919514499604702,-0.4502217769622803,-0.8925870656967163"
2025-12-12 12:36:34.628301,0.10215210169553757,2.380363702774048,0.2047700583934784,0.013969870284199715,0.01852549985051155,-0.45028379559516907,-0.8925840258598328,0.9348646906009603,"1765539379.4915383,0.10215210169553757,2.380363702774048,0.2047700583934784,0.013969870284199715,0.01852549985051155,-0.45028379559516907,-0.8925840258598328"
2025-12-12 12:36:34.728494,0.10240904241800308,2.3802409172058105,0.20476189255714417,0.013736923225224018,0.01841096580028534,-0.4501136839389801,-0.8926757574081421,0.9344730364691086,"1765539379.5748737,0.10240904241800308,2.3802409172058105,0.20476189255714417,0.013736923225224018,0.01841096580028534,-0.4501136839389801,-0.8926757574081421"
2025-12-12 12:36:34.833260,0.10234210640192032,2.3803763389587402,0.20491734147071838,0.014208625070750713,0.018884658813476562,-0.4501812756061554,-0.8926243782043457,0.934661922503349,"1765539379.6998281,0.10234210640192032,2.3803763389587402,0.20491734147071838,0.014208625070750713,0.018884658813476562,-0.4501812756061554,-0.8926243782043457"
2025-12-12 12:36:34.933336,0.10255609452724457,2.3806025981903076,0.20506620407104492,0.014520796947181225,0.019535457715392113,-0.45050063729286194,-0.8924441933631897,0.935425588514243,"1765539379.7997,0.10255609452724457,2.3806025981903076,0.20506620407104492,0.014520796947181225,0.019535457715392113,-0.45050063729286194,-0.8924441933631897"
2025-12-12 12:36:35.035560,0.10219666361808777,2.380317449569702,0.20468002557754517,0.0139931570738554,0.018404921516776085,-0.4502992033958435,-0.8925783038139343,0.9348916418977279,"1765539379.8714151,0.10219666361808777,2.380317449569702,0.20468002557754517,0.0139931570738554,0.018404921516776085,-0.4502992033958435,-0.8925783038139343"
2025-12-12 12:36:35.140626,0.10213013738393784,2.380387544631958,0.20482513308525085,0.014043622650206089,0.01862950623035431,-0.45033228397369385,-0.8925561904907227,0.9349810772459088,"1765539379.8750896,0.10213013738393784,2.380387544631958,0.20482513308525085,0.014043622650206089,0.01862950623035431,-0.45033228397369385,-0.8925561904907227"
2025-12-12 12:36:35.240726,0.10208001732826233,2.3803505897521973,0.20478864014148712,0.013964490965008736,0.018551403656601906,-0.4502977728843689,-0.8925765156745911,0.9348976107435514,"1765539380.1042695,0.10208001732826233,2.3803505897521973,0.20478864014148712,0.013964490965008736,0.018551403656601906,-0.4502977728843689,-0.8925765156745911"
2025-12-12 12:36:35.345189,0.10250957310199738,2.3804736137390137,0.20456324517726898,0.014954633079469204,0.019104376435279846,-0.4504171311855316,-0.8924885392189026,0.9352152886991989,"1765539380.187667,0.10250957310199738,2.3804736137390137,0.20456324517726898,0.014954633079469204,0.019104376435279846,-0.4504171311855316,-0.8924885392189026"
2025-12-12 12:36:35.450230,0.10220056027173996,2.380417823791504,0.2048041671514511,0.014151950366795063,0.01869034580886364,-0.4503391981124878,-0.8925496935844421,0.9350020302125265,"1765539380.2166214,0.10220056027173996,2.380417823791504,0.2048041671514511,0.014151950366795063,0.01869034580886364,-0.4503391981124878,-0.8925496935844421"
2025-12-12 12:36:35.550353,0.10272551327943802,2.3804383277893066,0.20468470454216003,0.014902026392519474,0.01950710266828537,-0.45038190484046936,-0.8924985527992249,0.9351631920409628,"1765539380.4042075,0.10272551327943802,2.3804383277893066,0.20468470454216003,0.014902026392519474,0.01950710266828537,-0.45038190484046936,-0.8924985527992249"
2025-12-12 12:36:35.652424,0.10238023102283478,2.380415201187134,0.20496824383735657,0.014153984375298023,0.01891247183084488,-0.4502500593662262,-0.8925899863243103,0.934817083702666,"1765539380.4962678,0.10238023102283478,2.380415201187134,0.20496824383735657,0.014153984375298023,0.01891247183084488,-0.4502500593662262,-0.8925899863243103"
2025-12-12 12:36:35.756625,0.10241274535655975,2.38049578666687,0.20500154793262482,0.014355460181832314,0.019189057871699333,-0.4503951370716095,-0.8925076723098755,0.9351633866543507,"1765539380.5162492,0.10241274535655975,2.38049578666687,0.20500154793262482,0.014355460181832314,0.019189057871699333,-0.4503951370716095,-0.8925076723098755"
2025-12-12 12:36:35.861676,0.10224220156669617,2.380457878112793,0.20488394796848297,0.014163168147206306,0.018739735707640648,-0.45042476058006287,-0.8925053477287292,0.9351971260184831,"1765539380.7167854,0.10224220156669617,2.380457878112793,0.20488394796848297,0.014163168147206306,0.018739735707640648,-0.45042476058006287,-0.8925053477287292"
2025-12-12 12:36:35.966715,0.10232957452535629,2.3803536891937256,0.2049839347600937,0.01403697207570076,0.018838686868548393,-0.45021921396255493,-0.8926090002059937,0.9347414987624142,"1765539380.804783,0.10232957452535629,2.3803536891937256,0.2049839347600937,0.01403697207570076,0.018838686868548393,-0.45021921396255493,-0.8926090002059937"
2025-12-12 12:36:36.071905,0.1023196280002594,2.3803646564483643,0.20490653812885284,0.013941614888608456,0.018755532801151276,-0.45024946331977844,-0.8925969004631042,0.9348024009692528,"1765539380.920482,0.1023196280002594,2.3803646564483643,0.20490653812885284,0.013941614888608456,0.018755532801151276,-0.45024946331977844,-0.8925969004631042"
2025-12-12 12:36:36.177006,0.10247915983200073,2.380455732345581,0.20455999672412872,0.014814620837569237,0.018984545022249222,-0.45039957761764526,-0.8925023078918457,0.9351659615646121,"1765539381.0209117,0.10247915983200073,2.380455732345581,0.20455999672412872,0.014814620837569237,0.018984545022249222,-0.45039957761764526,-0.8925023078918457"
2025-12-12 12:36:36.278606,0.1041615828871727,2.3823728561401367,0.20450302958488464,0.014480733312666416,0.019442925229668617,-0.453559935092926,-0.8908959627151489,0.9422781872190169,"1765539381.1163766,0.1041615828871727,2.3823728561401367,0.20450302958488464,0.014480733312666416,0.019442925229668617,-0.453559935092926,-0.8908959627151489"
2025-12-12 12:36:36.380859,0.10454430431127548,2.3836052417755127,0.20504406094551086,0.015463297255337238,0.0198384840041399,-0.4549434781074524,-0.8901650309562683,0.9454255707850963,"1765539381.1331904,0.10454430431127548,2.3836052417755127,0.20504406094551086,0.015463297255337238,0.0198384840041399,-0.4549434781074524,-0.8901650309562683"
2025-12-12 12:36:36.481996,0.11273711919784546,2.4029650688171387,0.21480737626552582,0.01740838959813118,0.01989385485649109,-0.47235992550849915,-0.8810093402862549,0.9847680482225675,"1765539381.316566,0.11273711919784546,2.4029650688171387,0.21480737626552582,0.01740838959813118,0.01989385485649109,-0.47235992550849915,-0.8810093402862549"
2025-12-12 12:36:36.587060,0.12523025274276733,2.41227650642395,0.20141977071762085,0.01363476924598217,0.004579474218189716,-0.4814942181110382,-0.8763313293457031,1.0047590048231896,"1765539381.4164603,0.12523025274276733,2.41227650642395,0.20141977071762085,0.01363476924598217,0.004579474218189716,-0.4814942181110382,-0.8763313293457031"
2025-12-12 12:36:36.692112,0.13290977478027344,2.4233880043029785,0.2060408741235733,0.02601906843483448,0.02562381699681282,-0.5092599391937256,-0.8598377108573914,1.0700624070096085,"1765539381.5205352,0.13290977478027344,2.4233880043029785,0.2060408741235733,0.02601906843483448,0.02562381699681282,-0.5092599391937256,-0.8598377108573914"
2025-12-12 12:36:36.797194,0.14721103012561798,2.4440579414367676,0.21862734854221344,0.025505855679512024,0.022584540769457817,-0.5400241613388062,-0.8409597873687744,1.1420286804891167,"1765539381.6330867,0.14721103012561798,2.4440579414367676,0.21862734854221344,0.025505855679512024,0.022584540769457817,-0.5400241613388062,-0.8409597873687744"
2025-12-12 12:36:36.897570,0.1600538194179535,2.453291416168213,0.19309386610984802,-0.04181303083896637,0.00042693549767136574,-0.5809227824211121,-0.8128838539123535,1.239306167808816,"1765539381.7372987,0.1600538194179535,2.453291416168213,0.19309386610984802,-0.04181303083896637,0.00042693549767136574,-0.5809227824211121,-0.8128838539123535"
2025-12-12 12:36:36.999418,0.17662790417671204,2.478114604949951,0.21554678678512573,0.015586349181830883,0.0232541523873806,-0.5990111827850342,-0.8002511858940125,1.2856081103797643,"1765539381.8164465,0.17662790417671204,2.478114604949951,0.21554678678512573,0.015586349181830883,0.0232541523873806,-0.5990111827850342,-0.8002511858940125"
2025-12-12 12:36:37.104462,0.19874928891658783,2.4997029304504395,0.19237369298934937,0.023051999509334564,0.02628971077501774,-0.6284074187278748,-0.7770982384681702,1.3604069835100998,"1765539381.9498208,0.19874928891658783,2.4997029304504395,0.19237369298934937,0.023051999509334564,0.02628971077501774,-0.6284074187278748,-0.7770982384681702"
2025-12-12 12:36:37.209511,0.20805175602436066,2.527061939239502,0.21781592071056366,0.0183723084628582,0.024158332496881485,-0.6641759872436523,-0.7469598650932312,1.453949387649249,"1765539382.0333593,0.20805175602436066,2.527061939239502,0.21781592071056366,0.0183723084628582,0.024158332496881485,-0.6641759872436523,-0.7469598650932312"
2025-12-12 12:36:37.314549,0.2088196575641632,2.528381824493408,0.2188825011253357,0.016532577574253082,0.02287207916378975,-0.6648848652839661,-0.7464126348495483,1.455724098158141,"1765539382.0374787,0.2088196575641632,2.528381824493408,0.2188825011253357,0.016532577574253082,0.02287207916378975,-0.6648848652839661,-0.7464126348495483"
2025-12-12 12:36:37.414631,0.23283791542053223,2.5776596069335938,0.21000707149505615,0.019882433116436005,0.019499165937304497,-0.7170262336730957,-0.696489691734314,1.5998140987218283,"1765539382.2459896,0.23283791542053223,2.5776596069335938,0.21000707149505615,0.019882433116436005,0.019499165937304497,-0.7170262336730957,-0.696489691734314"
2025-12-12 12:36:37.519697,0.2428809553384781,2.60367751121521,0.21224455535411835,0.001158150495029986,0.01242461521178484,-0.7410469055175781,-0.671337366104126,1.6695777057468837,"1765539382.3289511,0.2428809553384781,2.60367751121521,0.21224455535411835,0.001158150495029986,0.01242461521178484,-0.7410469055175781,-0.671337366104126"
2025-12-12 12:36:37.624736,0.24389082193374634,2.606797218322754,0.20759184658527374,0.004164432641118765,0.02648099698126316,-0.7459631562232971,-0.6654475331306458,1.6854199077427572,"1765539382.3544414,0.24389082193374634,2.606797218322754,0.20759184658527374,0.004164432641118765,0.02648099698126316,-0.7459631562232971,-0.6654475331306458"
2025-12-12 12:36:37.724853,0.2528690695762634,2.670567035675049,0.20323298871517181,0.008860880509018898,0.025336576625704765,-0.794431746006012,-0.6067600250244141,1.8375114149386904,"1765539382.566364,0.2528690695762634,2.670567035675049,0.20323298871517181,0.008860880509018898,0.025336576625704765,-0.794431746006012,-0.6067600250244141"
2025-12-12 12:36:37.829630,0.25687819719314575,2.6914639472961426,0.21247795224189758,0.025162016972899437,0.019580760970711708,-0.8069626688957214,-0.5897413492202759,1.8788355743949001,"1765539382.637489,0.25687819719314575,2.6914639472961426,0.21247795224189758,0.025162016972899437,0.019580760970711708,-0.8069626688957214,-0.5897413492202759"
2025-12-12 12:36:37.934661,0.25550222396850586,2.719956874847412,0.20891009271144867,0.016512248665094376,0.0069213449023664,-0.8268898725509644,-0.5620788931846619,1.9472874062317285,"1765539382.7168672,0.25550222396850586,2.719956874847412,0.20891009271144867,0.016512248665094376,0.0069213449023664,-0.8268898725509644,-0.5620788931846619"
2025-12-12 12:36:38.035042,0.251090407371521,2.769174098968506,0.2070731818675995,0.015530434437096119,0.0034359535202383995,-0.8601049780845642,-0.5098690390586853,2.0711250569611943,"1765539382.8753362,0.251090407371521,2.769174098968506,0.2070731818675995,0.015530434437096119,0.0034359535202383995,-0.8601049780845642,-0.5098690390586853"
